Customer ID,Customer Name,Product ID,Product Name,Sales Rep Assigned,Load Sheet Date,Innovation SKUs Placements
1003,23 liquor & Tobacco,2426,Corona Sunbrew 4/6/12 oz Btl,Klejdi Lamo,6/3/2026,1.00
1003,23 liquor & Tobacco,9053,Corona Non-Alcoholic 4/6/12 oz Btl,Klejdi Lamo,6/9/2026,1.00
1012,Uncorked Wines & Spirits (West Milford),9053,Corona Non-Alcoholic 4/6/12 oz Btl,Anthony Palmisano,6/8/2026,1.00
1015,Greenwood Lake Disc.(P),2426,Corona Sunbrew 4/6/12 oz Btl,Anthony Palmisano,6/9/2026,1.00
2003,Ringwood W&L,9053,Corona Non-Alcoholic 4/6/12 oz Btl,Anthony Palmisano,6/9/2026,1.00
4002,Bloomingdale Discount Liq,9053,Corona Non-Alcoholic 4/6/12 oz Btl,Anthony Palmisano,6/3/2026,1.00
4005,Turnpike Discount Liquors,2656,Victoria Vicky Mango 1/12/24 oz Can,Anthony Palmisano,6/5/2026,1.00
4005,Turnpike Discount Liquors,2842,Modelo Chelada Suprema Mangonada 1/12/24 oz Can,Anthony Palmisano,6/2/2026,1.00
4009,Usa Wine Traders Club (Bloomingdale),9053,Corona Non-Alcoholic 4/6/12 oz Btl,Anthony Palmisano,6/9/2026,1.00
5001,River Place Food Store,2428,Corona Sunbrew 1/12/24 oz Can,Anthony Palmisano,6/12/2026,1.00
5006,Roserne Pkg Store South,9053,Corona Non-Alcoholic 4/6/12 oz Btl,Anthony Palmisano,6/9/2026,1.00
8002,Country Convenience Store,2842,Modelo Chelada Suprema Mangonada 1/12/24 oz Can,Anthony Palmisano,6/2/2026,1.00
8008,Shoppers Disc(A)Pompton,2427,Corona Sunbrew 2/12/12 oz Btl,Anthony Palmisano,6/2/2026,1.00
8008,Shoppers Disc(A)Pompton,9053,Corona Non-Alcoholic 4/6/12 oz Btl,Anthony Palmisano,6/5/2026,1.00
8009,Appio's Liquors,2656,Victoria Vicky Mango 1/12/24 oz Can,Anthony Palmisano,6/4/2026,1.00
10003,Buy Rite W &L Pompton(P),2842,Modelo Chelada Suprema Mangonada 1/12/24 oz Can,Anthony Palmisano,6/2/2026,1.00
11003,Lincoln Park Fine Wines & Spirits,9053,Corona Non-Alcoholic 4/6/12 oz Btl,Mike Ast,6/9/2026,1.00
11003,Lincoln Park Fine Wines & Spirits,9055,Corona Non-Alcohol 2/12/12 oz Btl,Mike Ast,6/9/2026,1.00
11014,Wayne Liquor Locker,2426,Corona Sunbrew 4/6/12 oz Btl,Michael Harboy,6/10/2026,1.00
11014,Wayne Liquor Locker,9053,Corona Non-Alcoholic 4/6/12 oz Btl,Michael Harboy,6/10/2026,1.00
12005,Shay's Liquors,2426,Corona Sunbrew 4/6/12 oz Btl,Michael Harboy,6/9/2026,1.00
12005,Shay's Liquors,2427,Corona Sunbrew 2/12/12 oz Btl,Michael Harboy,6/5/2026,1.00
12005,Shay's Liquors,2427,Corona Sunbrew 2/12/12 oz Btl,Michael Harboy,6/9/2026,1.00
12011,Bottle King (A) Wayne,2426,Corona Sunbrew 4/6/12 oz Btl,Mike Ast,6/9/2026,1.00
12011,Bottle King (A) Wayne,2427,Corona Sunbrew 2/12/12 oz Btl,Mike Ast,6/2/2026,1.00
12011,Bottle King (A) Wayne,2429,Corona Sunbrew 2/12/12 oz Can,Mike Ast,6/9/2026,1.00
12011,Bottle King (A) Wayne,2614,Pacifico 1/24/7 oz Btl,Mike Ast,6/2/2026,1.00
12017,Shays Liquors,9053,Corona Non-Alcoholic 4/6/12 oz Btl,Michael Harboy,6/3/2026,1.00
13001,Shop Rite Liq (A)Littlefl,2426,Corona Sunbrew 4/6/12 oz Btl,Derrick Laws,6/1/2026,1.00
13001,Shop Rite Liq (A)Littlefl,2426,Corona Sunbrew 4/6/12 oz Btl,Derrick Laws,6/10/2026,1.00
13001,Shop Rite Liq (A)Littlefl,2427,Corona Sunbrew 2/12/12 oz Btl,Derrick Laws,6/1/2026,1.00
13001,Shop Rite Liq (A)Littlefl,2428,Corona Sunbrew 1/12/24 oz Can,Derrick Laws,6/3/2026,1.00
13001,Shop Rite Liq (A)Littlefl,2842,Modelo Chelada Suprema Mangonada 1/12/24 oz Can,Derrick Laws,6/3/2026,1.00
13001,Shop Rite Liq (A)Littlefl,9053,Corona Non-Alcoholic 4/6/12 oz Btl,Derrick Laws,6/3/2026,1.00
13001,Shop Rite Liq (A)Littlefl,9053,Corona Non-Alcoholic 4/6/12 oz Btl,Derrick Laws,6/10/2026,1.00
13008,Little Falls Liq(P),2614,Pacifico 1/24/7 oz Btl,Jim Heaney,6/10/2026,1.00
13008,Little Falls Liq(P),2842,Modelo Chelada Suprema Mangonada 1/12/24 oz Can,Jim Heaney,6/3/2026,1.00
14007,Total Wine & More (Totowa),2426,Corona Sunbrew 4/6/12 oz Btl,Dave Ehlers,6/3/2026,1.00
14007,Total Wine & More (Totowa),2426,Corona Sunbrew 4/6/12 oz Btl,Dave Ehlers,6/5/2026,1.00
14007,Total Wine & More (Totowa),2426,Corona Sunbrew 4/6/12 oz Btl,Dave Ehlers,6/10/2026,1.00
14007,Total Wine & More (Totowa),2427,Corona Sunbrew 2/12/12 oz Btl,Dave Ehlers,6/3/2026,1.00
14007,Total Wine & More (Totowa),2427,Corona Sunbrew 2/12/12 oz Btl,Dave Ehlers,6/5/2026,1.00
14007,Total Wine & More (Totowa),2427,Corona Sunbrew 2/12/12 oz Btl,Dave Ehlers,6/10/2026,1.00
14007,Total Wine & More (Totowa),2805,Modelo Negra 2/12/12 oz Can,Dave Ehlers,6/10/2026,1.00
14007,Total Wine & More (Totowa),9053,Corona Non-Alcoholic 4/6/12 oz Btl,Dave Ehlers,6/3/2026,1.00
14007,Total Wine & More (Totowa),9053,Corona Non-Alcoholic 4/6/12 oz Btl,Dave Ehlers,6/10/2026,1.00
15012,Pal's Liquor,2842,Modelo Chelada Suprema Mangonada 1/12/24 oz Can,Derrick Laws,6/8/2026,1.00
15014,Deli Parchardo Liquors,2426,Corona Sunbrew 4/6/12 oz Btl,Javier Melo,6/3/2026,1.00
15037,Liquor Gallery (Paterson),2842,Modelo Chelada Suprema Mangonada 1/12/24 oz Can,Derrick Laws,6/1/2026,1.00
15047,Freddie's Corner,2426,Corona Sunbrew 4/6/12 oz Btl,Pablo Lopez,6/1/2026,1.00
15059,Belmont Liqrs (P),2426,Corona Sunbrew 4/6/12 oz Btl,Javier Melo,6/9/2026,1.00
15059,Belmont Liqrs (P),9053,Corona Non-Alcoholic 4/6/12 oz Btl,Javier Melo,6/9/2026,1.00
17002,Hillcrest Liqrs (A),2426,Corona Sunbrew 4/6/12 oz Btl,Derrick Laws,6/8/2026,1.00
17010,Frank's Fine Wine & Foods,2426,Corona Sunbrew 4/6/12 oz Btl,Mike Ast,6/9/2026,1.00
17010,Frank's Fine Wine & Foods,2842,Modelo Chelada Suprema Mangonada 1/12/24 oz Can,Mike Ast,6/9/2026,1.00
17010,Frank's Fine Wine & Foods,9053,Corona Non-Alcoholic 4/6/12 oz Btl,Mike Ast,6/2/2026,1.00
17010,Frank's Fine Wine & Foods,9053,Corona Non-Alcoholic 4/6/12 oz Btl,Mike Ast,6/9/2026,1.00
19008,Hawthorne Liq (A),2842,Modelo Chelada Suprema Mangonada 1/12/24 oz Can,Mike Ast,6/2/2026,1.00
19008,Hawthorne Liq (A),2843,Modelo Chelada Suprema Tropical 1/12/24 oz Can,Mike Ast,6/2/2026,1.00
19027,Goffle Road Wine and More,2426,Corona Sunbrew 4/6/12 oz Btl,Mike Ast,6/5/2026,1.00
19027,Goffle Road Wine and More,9053,Corona Non-Alcoholic 4/6/12 oz Btl,Mike Ast,6/9/2026,1.00
20005,La Sorpresa Liq (P),2842,Modelo Chelada Suprema Mangonada 1/12/24 oz Can,Derrick Laws,6/2/2026,1.00
20005,La Sorpresa Liq (P),2842,Modelo Chelada Suprema Mangonada 1/12/24 oz Can,Derrick Laws,6/9/2026,1.00
20014,Bombolon Liquor & Grocery,9053,Corona Non-Alcoholic 4/6/12 oz Btl,Pablo Lopez,6/2/2026,1.00
20027,230 Liq & Groc.(A),9053,Corona Non-Alcoholic 4/6/12 oz Btl,Derrick Laws,6/10/2026,1.00
20030,10th Ave Liq & Food (P),2426,Corona Sunbrew 4/6/12 oz Btl,Derrick Laws,6/4/2026,1.00
20069,Segundo's (P),2614,Pacifico 1/24/7 oz Btl,Javier Melo,6/9/2026,1.00
20080,Raphael & Angel Liq (A),2805,Modelo Negra 2/12/12 oz Can,Derrick Laws,6/3/2026,1.00
20106,Super Wine Warehse(P)Pate,2426,Corona Sunbrew 4/6/12 oz Btl,Phil Ernst,6/4/2026,1.00
20106,Super Wine Warehse(P)Pate,2427,Corona Sunbrew 2/12/12 oz Btl,Phil Ernst,6/4/2026,1.00
20106,Super Wine Warehse(P)Pate,2428,Corona Sunbrew 1/12/24 oz Can,Phil Ernst,6/4/2026,1.00
20106,Super Wine Warehse(P)Pate,2656,Victoria Vicky Mango 1/12/24 oz Can,Phil Ernst,6/4/2026,1.00
20106,Super Wine Warehse(P)Pate,9053,Corona Non-Alcoholic 4/6/12 oz Btl,Phil Ernst,6/4/2026,1.00
21023,Luna Liquors,9053,Corona Non-Alcoholic 4/6/12 oz Btl,Javier Melo,6/5/2026,1.00
21032,Carisma Liq & Groc (P),2426,Corona Sunbrew 4/6/12 oz Btl,Pablo Lopez,6/1/2026,1.00
21033,The Liquor Shop,2426,Corona Sunbrew 4/6/12 oz Btl,Derrick Laws,6/8/2026,1.00
21044,Farm Boy,2426,Corona Sunbrew 4/6/12 oz Btl,Javier Melo,6/9/2026,1.00
21044,Farm Boy,2427,Corona Sunbrew 2/12/12 oz Btl,Javier Melo,6/9/2026,1.00
21044,Farm Boy,2428,Corona Sunbrew 1/12/24 oz Can,Javier Melo,6/5/2026,1.00
21044,Farm Boy,2614,Pacifico 1/24/7 oz Btl,Javier Melo,6/5/2026,1.00
21044,Farm Boy,2614,Pacifico 1/24/7 oz Btl,Javier Melo,6/9/2026,1.00
21044,Farm Boy,2842,Modelo Chelada Suprema Mangonada 1/12/24 oz Can,Javier Melo,6/5/2026,1.00
21044,Farm Boy,2842,Modelo Chelada Suprema Mangonada 1/12/24 oz Can,Javier Melo,6/9/2026,1.00
21044,Farm Boy,2843,Modelo Chelada Suprema Tropical 1/12/24 oz Can,Javier Melo,6/9/2026,1.00
21048,Ferraro's Liquor,2842,Modelo Chelada Suprema Mangonada 1/12/24 oz Can,Derrick Laws,6/2/2026,1.00
21048,Ferraro's Liquor,2843,Modelo Chelada Suprema Tropical 1/12/24 oz Can,Derrick Laws,6/2/2026,1.00
21048,Ferraro's Liquor,9053,Corona Non-Alcoholic 4/6/12 oz Btl,Derrick Laws,6/2/2026,1.00
21054,C & S Lucky Liquors (P),2426,Corona Sunbrew 4/6/12 oz Btl,Javier Melo,6/2/2026,1.00
21054,C & S Lucky Liquors (P),2842,Modelo Chelada Suprema Mangonada 1/12/24 oz Can,Javier Melo,6/2/2026,1.00
22022,C Town (A),2842,Modelo Chelada Suprema Mangonada 1/12/24 oz Can,Derrick Laws,6/12/2026,1.00
22032,Economy Liquors,2842,Modelo Chelada Suprema Mangonada 1/12/24 oz Can,Derrick Laws,6/1/2026,1.00
23003,Pete's Liquors,2842,Modelo Chelada Suprema Mangonada 1/12/24 oz Can,Jim Heaney,6/4/2026,1.00
23004,Shop Rite Wines/Spirits,2426,Corona Sunbrew 4/6/12 oz Btl,Derrick Laws,6/5/2026,1.00
23004,Shop Rite Wines/Spirits,2427,Corona Sunbrew 2/12/12 oz Btl,Derrick Laws,6/5/2026,1.00
23004,Shop Rite Wines/Spirits,2429,Corona Sunbrew 2/12/12 oz Can,Derrick Laws,6/5/2026,1.00
23004,Shop Rite Wines/Spirits,2614,Pacifico 1/24/7 oz Btl,Derrick Laws,6/5/2026,1.00
23004,Shop Rite Wines/Spirits,2656,Victoria Vicky Mango 1/12/24 oz Can,Derrick Laws,6/12/2026,1.00
23004,Shop Rite Wines/Spirits,2805,Modelo Negra 2/12/12 oz Can,Derrick Laws,6/12/2026,1.00
23006,46 Discount Liquor Store,2426,Corona Sunbrew 4/6/12 oz Btl,Chris Payton,6/8/2026,1.00
24001,Richfield Liquors,9053,Corona Non-Alcoholic 4/6/12 oz Btl,Jim Heaney,6/5/2026,1.00
24002,Swizzle Stick Liq (A),2656,Victoria Vicky Mango 1/12/24 oz Can,Jim Heaney,6/11/2026,1.00
24002,Swizzle Stick Liq (A),2843,Modelo Chelada Suprema Tropical 1/12/24 oz Can,Jim Heaney,6/4/2026,1.00
24003,Paulison Liquors (P),2842,Modelo Chelada Suprema Mangonada 1/12/24 oz Can,Javier Melo,6/11/2026,1.00
24009,Quik Stop Conv(Z),2428,Corona Sunbrew 1/12/24 oz Can,Jim Heaney,6/2/2026,1.00
24011,Shoppers Vineyard (A),2842,Modelo Chelada Suprema Mangonada 1/12/24 oz Can,Jim Heaney,6/9/2026,1.00
24011,Shoppers Vineyard (A),9053,Corona Non-Alcoholic 4/6/12 oz Btl,Jim Heaney,6/5/2026,1.00
24011,Shoppers Vineyard (A),9053,Corona Non-Alcoholic 4/6/12 oz Btl,Jim Heaney,6/9/2026,1.00
24016,Broad Liquors (A),2426,Corona Sunbrew 4/6/12 oz Btl,Jim Heaney,6/2/2026,1.00
24016,Broad Liquors (A),9053,Corona Non-Alcoholic 4/6/12 oz Btl,Jim Heaney,6/9/2026,1.00
24017,Rainbow Liquor (P),2426,Corona Sunbrew 4/6/12 oz Btl,Jim Heaney,6/5/2026,1.00
24017,Rainbow Liquor (P),2426,Corona Sunbrew 4/6/12 oz Btl,Jim Heaney,6/9/2026,1.00
24017,Rainbow Liquor (P),2427,Corona Sunbrew 2/12/12 oz Btl,Jim Heaney,6/9/2026,1.00
24017,Rainbow Liquor (P),9053,Corona Non-Alcoholic 4/6/12 oz Btl,Jim Heaney,6/9/2026,1.00
24020,US#1 Wine & Liquor,9053,Corona Non-Alcoholic 4/6/12 oz Btl,Jim Heaney,6/2/2026,1.00
25008,Clifton Commons S & W,2426,Corona Sunbrew 4/6/12 oz Btl,Jim Heaney,6/8/2026,1.00
25008,Clifton Commons S & W,2428,Corona Sunbrew 1/12/24 oz Can,Jim Heaney,6/1/2026,1.00
25008,Clifton Commons S & W,2842,Modelo Chelada Suprema Mangonada 1/12/24 oz Can,Jim Heaney,6/1/2026,1.00
25008,Clifton Commons S & W,9053,Corona Non-Alcoholic 4/6/12 oz Btl,Jim Heaney,6/8/2026,1.00
25010,Stew Leonard's Wines & Spirits of Clifton,2842,Modelo Chelada Suprema Mangonada 1/12/24 oz Can,Phil Ernst,6/4/2026,1.00
25010,Stew Leonard's Wines & Spirits of Clifton,2843,Modelo Chelada Suprema Tropical 1/12/24 oz Can,Phil Ernst,6/4/2026,1.00
25010,Stew Leonard's Wines & Spirits of Clifton,9053,Corona Non-Alcoholic 4/6/12 oz Btl,Phil Ernst,6/4/2026,1.00
25012,Bottle Liquor (P),2426,Corona Sunbrew 4/6/12 oz Btl,Javier Melo,6/1/2026,1.00
25012,Bottle Liquor (P),2428,Corona Sunbrew 1/12/24 oz Can,Javier Melo,6/1/2026,1.00
25012,Bottle Liquor (P),2805,Modelo Negra 2/12/12 oz Can,Javier Melo,6/1/2026,1.00
25012,Bottle Liquor (P),2805,Modelo Negra 2/12/12 oz Can,Javier Melo,6/9/2026,1.00
25012,Bottle Liquor (P),2842,Modelo Chelada Suprema Mangonada 1/12/24 oz Can,Javier Melo,6/9/2026,1.00
25017,Savers Club Liquor Locker,2426,Corona Sunbrew 4/6/12 oz Btl,Jim Heaney,6/4/2026,1.00
25017,Savers Club Liquor Locker,2842,Modelo Chelada Suprema Mangonada 1/12/24 oz Can,Jim Heaney,6/4/2026,1.00
25017,Savers Club Liquor Locker,2842,Modelo Chelada Suprema Mangonada 1/12/24 oz Can,Jim Heaney,6/11/2026,1.00
25017,Savers Club Liquor Locker,9055,Corona Non-Alcohol 2/12/12 oz Btl,Jim Heaney,6/11/2026,1.00
25023,Clifton Wine & Liquor,9053,Corona Non-Alcoholic 4/6/12 oz Btl,Jim Heaney,6/4/2026,1.00
25031,Lexington Liquors (Z),2426,Corona Sunbrew 4/6/12 oz Btl,Jim Heaney,6/8/2026,1.00
25031,Lexington Liquors (Z),2656,Victoria Vicky Mango 1/12/24 oz Can,Jim Heaney,6/1/2026,1.00
25031,Lexington Liquors (Z),2656,Victoria Vicky Mango 1/12/24 oz Can,Jim Heaney,6/8/2026,1.00
25031,Lexington Liquors (Z),2842,Modelo Chelada Suprema Mangonada 1/12/24 oz Can,Jim Heaney,6/1/2026,1.00
25031,Lexington Liquors (Z),2842,Modelo Chelada Suprema Mangonada 1/12/24 oz Can,Jim Heaney,6/8/2026,1.00
25031,Lexington Liquors (Z),9053,Corona Non-Alcoholic 4/6/12 oz Btl,Jim Heaney,6/1/2026,1.00
25031,Lexington Liquors (Z),9053,Corona Non-Alcoholic 4/6/12 oz Btl,Jim Heaney,6/8/2026,1.00
25034,Figlar's (P),2656,Victoria Vicky Mango 1/12/24 oz Can,Chris Payton,6/1/2026,1.00
25042,Town Liquors,2842,Modelo Chelada Suprema Mangonada 1/12/24 oz Can,Jim Heaney,6/8/2026,1.00
25042,Town Liquors,9053,Corona Non-Alcoholic 4/6/12 oz Btl,Jim Heaney,6/3/2026,1.00
25045,Clifton Disc Liq (A),2426,Corona Sunbrew 4/6/12 oz Btl,Chris Payton,6/1/2026,1.00
25045,Clifton Disc Liq (A),2614,Pacifico 1/24/7 oz Btl,Chris Payton,6/8/2026,1.00
25045,Clifton Disc Liq (A),2656,Victoria Vicky Mango 1/12/24 oz Can,Chris Payton,6/2/2026,1.00
25045,Clifton Disc Liq (A),2805,Modelo Negra 2/12/12 oz Can,Chris Payton,6/2/2026,1.00
25045,Clifton Disc Liq (A),2842,Modelo Chelada Suprema Mangonada 1/12/24 oz Can,Chris Payton,6/2/2026,1.00
25045,Clifton Disc Liq (A),2842,Modelo Chelada Suprema Mangonada 1/12/24 oz Can,Chris Payton,6/5/2026,1.00
25045,Clifton Disc Liq (A),9053,Corona Non-Alcoholic 4/6/12 oz Btl,Chris Payton,6/8/2026,1.00
25047,Parker Liquors (Z),9053,Corona Non-Alcoholic 4/6/12 oz Btl,Javier Melo,6/8/2026,1.00
26014,Regalado Liq,2656,Victoria Vicky Mango 1/12/24 oz Can,Pablo Lopez,6/8/2026,1.00
26014,Regalado Liq,2842,Modelo Chelada Suprema Mangonada 1/12/24 oz Can,Pablo Lopez,6/8/2026,1.00
27002,President Liqrs (A),2656,Victoria Vicky Mango 1/12/24 oz Can,Javier Melo,6/8/2026,1.00
27002,President Liqrs (A),2842,Modelo Chelada Suprema Mangonada 1/12/24 oz Can,Javier Melo,6/8/2026,1.00
27005,#1 Liqrs (P),2656,Victoria Vicky Mango 1/12/24 oz Can,Pablo Lopez,6/9/2026,1.00
27005,#1 Liqrs (P),2842,Modelo Chelada Suprema Mangonada 1/12/24 oz Can,Pablo Lopez,6/9/2026,1.00
27005,#1 Liqrs (P),2843,Modelo Chelada Suprema Tropical 1/12/24 oz Can,Pablo Lopez,6/9/2026,1.00
27008,Bermuda Liquors (P),2426,Corona Sunbrew 4/6/12 oz Btl,Javier Melo,6/9/2026,1.00
27008,Bermuda Liquors (P),2428,Corona Sunbrew 1/12/24 oz Can,Javier Melo,6/9/2026,1.00
27008,Bermuda Liquors (P),2842,Modelo Chelada Suprema Mangonada 1/12/24 oz Can,Javier Melo,6/9/2026,1.00
27021,Johnny's Liqs (P),2656,Victoria Vicky Mango 1/12/24 oz Can,Pablo Lopez,6/4/2026,1.00
27021,Johnny's Liqs (P),2805,Modelo Negra 2/12/12 oz Can,Pablo Lopez,6/8/2026,1.00
27021,Johnny's Liqs (P),9053,Corona Non-Alcoholic 4/6/12 oz Btl,Pablo Lopez,6/8/2026,1.00
27031,Home Wine Liquor (Passaic),2656,Victoria Vicky Mango 1/12/24 oz Can,Matt Powierski,6/1/2026,1.00
27031,Home Wine Liquor (Passaic),2842,Modelo Chelada Suprema Mangonada 1/12/24 oz Can,Matt Powierski,6/1/2026,1.00
27031,Home Wine Liquor (Passaic),9053,Corona Non-Alcoholic 4/6/12 oz Btl,Matt Powierski,6/4/2026,1.00
27034,Liquor Stop (Passaic),9053,Corona Non-Alcoholic 4/6/12 oz Btl,Javier Melo,6/2/2026,1.00
27037,Shanik Liqs.(P),2656,Victoria Vicky Mango 1/12/24 oz Can,Javier Melo,6/2/2026,1.00
27037,Shanik Liqs.(P),9053,Corona Non-Alcoholic 4/6/12 oz Btl,Javier Melo,6/5/2026,1.00
27040,Danny's Liquor,2656,Victoria Vicky Mango 1/12/24 oz Can,Javier Melo,6/1/2026,1.00
27043,Monroe Wine & Liq(P),2805,Modelo Negra 2/12/12 oz Can,Pablo Lopez,6/8/2026,1.00
27046,New Eagle Liquors,2426,Corona Sunbrew 4/6/12 oz Btl,Javier Melo,6/3/2026,1.00
27046,New Eagle Liquors,2427,Corona Sunbrew 2/12/12 oz Btl,Javier Melo,6/3/2026,1.00
27046,New Eagle Liquors,2428,Corona Sunbrew 1/12/24 oz Can,Javier Melo,6/3/2026,1.00
27046,New Eagle Liquors,2656,Victoria Vicky Mango 1/12/24 oz Can,Javier Melo,6/10/2026,1.00
27046,New Eagle Liquors,2842,Modelo Chelada Suprema Mangonada 1/12/24 oz Can,Javier Melo,6/3/2026,1.00
27046,New Eagle Liquors,2843,Modelo Chelada Suprema Tropical 1/12/24 oz Can,Javier Melo,6/3/2026,1.00
27072,Passaic Discount Liquors,2614,Pacifico 1/24/7 oz Btl,Pablo Lopez,6/10/2026,1.00
27072,Passaic Discount Liquors,2656,Victoria Vicky Mango 1/12/24 oz Can,Pablo Lopez,6/2/2026,1.00
27072,Passaic Discount Liquors,2656,Victoria Vicky Mango 1/12/24 oz Can,Pablo Lopez,6/10/2026,1.00
27072,Passaic Discount Liquors,9053,Corona Non-Alcoholic 4/6/12 oz Btl,Pablo Lopez,6/10/2026,1.00
28012,Lucky 7 (A),2614,Pacifico 1/24/7 oz Btl,Jim Heaney,6/10/2026,1.00
28012,Lucky 7 (A),9053,Corona Non-Alcoholic 4/6/12 oz Btl,Jim Heaney,6/10/2026,1.00
29003,Liquor Shed,2426,Corona Sunbrew 4/6/12 oz Btl,Jim Heaney,6/10/2026,1.00
29003,Liquor Shed,9053,Corona Non-Alcoholic 4/6/12 oz Btl,Jim Heaney,6/3/2026,1.00
29004,Shop-Rite Liq Lyndhurst,2427,Corona Sunbrew 2/12/12 oz Btl,Phil Ernst,6/9/2026,1.00
29004,Shop-Rite Liq Lyndhurst,9053,Corona Non-Alcoholic 4/6/12 oz Btl,Phil Ernst,6/9/2026,1.00
29004,Shop-Rite Liq Lyndhurst,9055,Corona Non-Alcohol 2/12/12 oz Btl,Phil Ernst,6/9/2026,1.00
29009,Quick Buy,9053,Corona Non-Alcoholic 4/6/12 oz Btl,Jim Heaney,6/12/2026,1.00
29010,Paradise Liquors,2805,Modelo Negra 2/12/12 oz Can,Alisa Acciardi,6/5/2026,1.00
29011,World of Wine & Liquor,2843,Modelo Chelada Suprema Tropical 1/12/24 oz Can,Jim Heaney,6/10/2026,1.00
30004,West End Wine & Liq,9053,Corona Non-Alcoholic 4/6/12 oz Btl,Jim Heaney,6/1/2026,1.00
30010,Krauser Food & Liq(A),2842,Modelo Chelada Suprema Mangonada 1/12/24 oz Can,Jim Heaney,6/10/2026,1.00
31008,Metro Wine And Liq(A),2426,Corona Sunbrew 4/6/12 oz Btl,Matt Powierski,6/8/2026,1.00
31008,Metro Wine And Liq(A),2427,Corona Sunbrew 2/12/12 oz Btl,Matt Powierski,6/8/2026,1.00
31060,Bottle Republic (Rutherford),2426,Corona Sunbrew 4/6/12 oz Btl,Matt Powierski,6/9/2026,1.00
31060,Bottle Republic (Rutherford),2427,Corona Sunbrew 2/12/12 oz Btl,Matt Powierski,6/5/2026,1.00
31060,Bottle Republic (Rutherford),2428,Corona Sunbrew 1/12/24 oz Can,Matt Powierski,6/9/2026,1.00
31060,Bottle Republic (Rutherford),2805,Modelo Negra 2/12/12 oz Can,Matt Powierski,6/2/2026,1.00
31060,Bottle Republic (Rutherford),9053,Corona Non-Alcoholic 4/6/12 oz Btl,Matt Powierski,6/9/2026,1.00
31060,Bottle Republic (Rutherford),9055,Corona Non-Alcohol 2/12/12 oz Btl,Matt Powierski,6/9/2026,1.00
