Sales Rep Assigned,Customer Num,Customer Name,Shipping Address,City,County,Distribution Area,Buyer Count   2026,Cases   2026
Jaime Colonna,170021,Jersey City Buy Rite (A),575 Manila Ave,Jersey City,Hudson,Hudson,1.00,29814.95
Hakan Sadik,150082,Liquorland (South Orange),25 Valley Street,South Orange,Essex,Essex,1.00,19581.12
Alex Rodriguez,250036,Watchung Liquor (P),131 Park Ave,Plainfield,Union,Union,1.00,17772.35
Jaime Colonna,171014,Giannone Wines & Liq.(P),55 Riverwalk Pl,West New York,Hudson,Hudson,1.00,14984.70
Dylan Rubino,178000,Wine Spot,2321 Kennedy Blvd,North Bergen,Hudson,Hudson,1.00,5143.30
Michael Harboy,150008,Total Wine & More (West Orange),495 Prospect Ave,West Orange,Essex,Essex,1.00,4179.00
Alisa Acciardi,150052,Bottle King Glen Ridge,710 Bloomfield Ave,Glen Ridge,Essex,Essex,1.00,4005.00
Jaime Colonna,170300,Ray's Liquors,266 Martin Luther King Dr,Jersey City,Hudson,Hudson,1.00,3827.64
Jaime Colonna,170045,Cork Wines & Spirits (Hoboken),1450 Washington St,Hoboken,Hudson,Hudson,1.00,3485.23
Jaime Colonna,170076,Grand View Wine & Liquor,665-667 Grand St,Jersey City,Hudson,Hudson,1.00,3481.27
Andrew Lundy,250071,Total Wine & More (Union),950 Springfield Rd,Union,Union,Union,1.00,3258.00
Alisa Acciardi,171016,Wine Warehouse (P) (Bayonne),1 Le Fante Way,Bayonne,Hudson,Hudson,1.00,3143.00
Andrew Lundy,250803,Witty's Fine Wine & Spirt,870 St. George Ave,Rahway,Union,Union,1.00,3024.00
Jaime Colonna,170020,Hoboken Beer & Soda,599 Newark St,Hoboken,Hudson,Hudson,1.00,2264.00
Hakan Sadik,150055,Bottle King Livingston,343 W.Mount Pleasant Ave,Livingston,Essex,Essex,1.00,2206.00
Alisa Acciardi,170053,Bbb Liquors(Costco),19 Goldsborough Dr,Bayonne,Hudson,Hudson,1.00,2158.00
Hakan Sadik,150132,Boot Leggers W/L,528 Central Ave,East Orange,Essex,Essex,1.00,2034.00
Hakan Sadik,150076,Rapp Beer & Soda (A),1000 Clinton Ave,Irvington,Essex,Essex,1.00,1940.00
Michael Harboy,150002,Shoprite Wine & Spirits,478 Bloomfield Ave,Caldwell,Essex,Essex,1.00,1859.00
Hakan Sadik,150135,Home Liquors(520 East Orange),520 Main St,East Orange,Essex,Essex,1.00,1757.00
Hakan Sadik,150089,Buy Rite Wine & Liquor,400 Valley St,South Orange,Essex,Essex,1.00,1754.00
Andrew Lundy,250133,Bayway World Of Liquor,639 Bayway Ave,Elizabeth,Union,Union,1.00,1641.00
Jaime Colonna,173031,Sparrow's Wine & Liq(P) (1224 Hoboken),1224 Shipyard Lane,Hoboken,Hudson,Hudson,1.00,1640.00
Hakan Sadik,150615,Home Liquors(1277 Irvington),1277 Springfield Ave,Irvington,Essex,Essex,1.00,1614.00
Dylan Rubino,178020,STOP & GO LIQUORS,8101 Tonnelle Ave,North Bergen,Hudson,Hudson,1.00,1594.00
Dylan Rubino,170909,A2Z Wine Club,101 Plaza Center,Secaucus,Hudson,Hudson,1.00,1555.60
John Neukum,201026,Sam's Club (Secaucus),300 Park Plaza Dr,Secaucus,Hudson,Hudson,1.00,1501.00
Alisa Acciardi,170101,High Spirits Of Bayonne,816-818 Broadway,Bayonne,Hudson,Hudson,1.00,1491.00
Dylan Rubino,170087,Liquor Mart (Jersey City),393 Danforth Avenue,Jersey City,Hudson,Hudson,1.00,1399.00
Andrew Lundy,250440,Metro Liquor (Linden),1179 W. St George Ave,Linden,Union,Union,1.00,1294.00
Alisa Acciardi,171001,Bridgeview Liquors,300 Rte 440 South,Bayonne,Hudson,Hudson,1.00,1264.00
Andrew Lundy,250011,Shop Rite of Westfield,333 South Ave E,Westfield,Union,Union,1.00,1175.00
Andrew Lundy,250048,Park Beverage,1923 Westfield Ave,Scotch Plains,Union,Union,1.00,1156.00
Jaime Colonna,170018,ShopRite Wines & Spirits of Hoboken,900 Madison St,Hoboken,Hudson,Hudson,1.00,1136.00
Hakan Sadik,150624,Wine Barrel (P),1886 Springfield Ave,Maplewood,Essex,Essex,1.00,1134.00
Michael Harboy,150001,Verona Wine Cellar,360 Bloomfield Ave,Verona,Essex,Essex,1.00,1080.00
Jaime Colonna,170137,Giannone Wine & Liq(#2),305 River St,Hoboken,Hudson,Hudson,1.00,1062.00
Andrew Lundy,250134,Shoppers Paradise Liq,551 N Broad St,Elizabeth,Union,Union,1.00,1054.00
Alisa Acciardi,170205,Buy-Rite Liquors,220 Harrison Ave,Kearny,Hudson,Hudson,1.00,1045.00
Jaime Colonna,170179,Shop Rite/Metro Plaza,400 Luis Marin Blvd,Jersey City,Hudson,Hudson,1.00,1031.00
Dylan Rubino,170049,Cosmo Liquors & Grocery,402 Pacific Avenue,Jersey City,Hudson,Hudson,1.00,1017.40
Dylan Rubino,170031,City Liquors,321 Stadium Plaza,Jersey City,Hudson,Hudson,1.00,999.00
Hakan Sadik,152002,Home Wine & Liquor (224 Newark),224 Elizabeth Ave,Newark,Essex,Essex,1.00,989.00
Hakan Sadik,150173,Bloomfield Buyrite,35 Lackawanna Pl,Bloomfield,Essex,Essex,1.00,988.50
Michael Harboy,201048,ShopRite of West Caldwell,900 Bloomfield Avenue,West Caldwell,Essex,Essex,1.00,981.00
Alisa Acciardi,171312,Shop Rite Wine & Spirits Kearny,98 Passaic Ave,Kearny,Hudson,Hudson,1.00,946.00
Jaime Colonna,170036,Cork Wines & Spirits (Harrison),399 Somerset St.,Harrison,Hudson,Hudson,1.00,942.28
Hakan Sadik,150154,Toast Of The Town,283 Scotland Rd,Orange,Essex,Essex,1.00,906.00
Alex Rodriguez,250128,Liquor Depot,435 Rahway Ave,Elizabeth,Union,Union,1.00,889.92
Dylan Rubino,170030,International Liqs (P),126 43rd Street,Union City,Hudson,Hudson,1.00,856.00
Hakan Sadik,150221,Jonathan's Liquor Store,263 Central Ave,East Orange,Essex,Essex,1.00,838.00
Andrew Lundy,250012,Peterson's Wine Unltd,1120 South Ave W,Westfield,Union,Union,1.00,837.00
Andrew Lundy,120079,U S 1 Buy Rite (A),771-773 Edgar Rd,Elizabeth,Union,Union,1.00,796.00
Michael Harboy,150018,Cedar Grove Liq (P),597 Pompton Ave,Cedar Grove,Essex,Essex,1.00,790.65
Hakan Sadik,150618,Home Liquors(641 Newark),641 Springfield Ave,Newark,Essex,Essex,1.00,790.00
Dylan Rubino,170202,Golden Liquors (P),7119-21 Bergen Line Ave,North Bergen,Hudson,Hudson,1.00,772.00
Hakan Sadik,150603,Quality Liquors,267 South Orange Ave,Newark,Essex,Essex,1.00,771.00
Alisa Acciardi,150130,Seabra Liquors,83 Wilson Ave,Newark,Essex,Essex,1.00,755.00
Hakan Sadik,150063,Victory Wine & Liquor,457 Central Ave,East Orange,Essex,Essex,1.00,748.00
Hakan Sadik,150614,International Liquor,1070 Springfield Ave,Irvington,Essex,Essex,1.00,747.00
Alisa Acciardi,171403,ShopRite Wines & Spirits of Bayonne,567 Avenue C,Bayonne,Hudson,Hudson,1.00,739.00
Jaime Colonna,170068,Central Ave Liquors,210-212 Central Ave,Jersey City,Hudson,Hudson,1.00,734.00
Andrew Lundy,250091,Denny's Liquors,600 East Jersey St.,Elizabeth,Union,Union,1.00,730.00
Dylan Rubino,170086,Bottles Jersey City,564 West Side Avenue,Jersey City,Hudson,Hudson,1.00,721.10
Michael Harboy,150100,Angelbeck's,621 Valley Rd,Montclair,Essex,Essex,1.00,713.00
Andrew Lundy,250066,Fenrose Wine & Liq,431 W. Front St,Plainfield,Union,Union,1.00,701.00
Andrew Lundy,250087,House of Wine & Liquor Westfield,560 North Ave. East,Westfield,Union,Union,1.00,700.00
Hakan Sadik,150183,Home Liquors(773 Newark),773 South Orange Ave,Newark,Essex,Essex,1.00,700.00
Andrew Lundy,250006,Dittrick's W&L (A),2 North Ave,Garwood,Union,Union,1.00,691.00
Andrew Lundy,250027,Wine Anthology (A),1075 Raritan Rd,Clark,Union,Union,1.00,690.00
John O'Donoghue,250044,Vine Republic (Berkeley Height),500 Springfield Ave,Berkeley Heights,Union,Union,1.00,675.00
Dylan Rubino,171327,Bergenline Liquor (Z),3819 Bergenline Avenue,Union City,Hudson,Hudson,1.00,663.40
Dylan Rubino,170099,Columbia Park Liquors,3131 John F Kennedy Blvd,North Bergen,Hudson,Hudson,1.00,659.00
Hakan Sadik,150617,Irvington 876,876 Springfield Ave,Irvington,Essex,Essex,1.00,657.00
Dylan Rubino,170029,Hollywood Liqs (P),6006 Park Ave,West New York,Hudson,Hudson,1.00,656.00
Alisa Acciardi,150109,Kelly's Liquors,726 Washington Ave,Belleville,Essex,Essex,1.00,652.00
Hakan Sadik,150668,Chancellor Irvington,580 Chancellor Ave,Irvington,Essex,Essex,1.00,647.00
Jaime Colonna,173032,Sparrows Wine & Liq (P) (126 Hoboken),126 Washington St,Hoboken,Hudson,Hudson,1.00,642.00
Alisa Acciardi,150016,Nutley Wine Shop,558 N Franklin Ave,Nutley,Essex,Essex,1.00,637.00
Andrew Lundy,250183,Chestnut St Spirits LLC,137 Chestnut St,Roselle Park,Union,Union,1.00,633.00
Michael Harboy,150004,Merit (P),599 Bloomfield Ave,Montclair,Essex,Essex,1.00,629.00
Hakan Sadik,150212,Home Wines & Liquors (Orange),209 Main St,Orange,Essex,Essex,1.00,628.00
Dylan Rubino,170043,Communipaw Liqs (P),743 Communipaw Avenue,Jersey City,Hudson,Hudson,1.00,627.00
Dylan Rubino,171400,Newport Spirits (P),111 River Dr. South,Jersey City,Hudson,Hudson,1.00,622.00
Dylan Rubino,171322,Twin City Liquors,4818 Bergenline Ave,Union City,Hudson,Hudson,1.00,620.00
Alisa Acciardi,171318,Kearny Plaza Discount Liq,190 Passaic Ave #3,Kearny,Hudson,Hudson,1.00,616.00
Dylan Rubino,170163,Buy Rite Union City,3196a Kennedy Blvd,Union City,Hudson,Hudson,1.00,613.00
Dylan Rubino,178009,Heaven Liquors,3700 Park Ave,Weehawken,Hudson,Hudson,1.00,610.00
Andrew Lundy,250024,Best Cellars (Summit),23 Summit Avenue,Summit,Union,Union,1.00,609.00
Andrew Lundy,250119,Pointe Grande Liquor,866 E. Grand St.,Elizabeth,Union,Union,1.00,609.00
Andrew Lundy,250163,Trader Joes Westfield,155 Elm St,Westfield,Union,Union,1.00,608.00
Michael Harboy,150048,Cedar Grove Wine Cellar,402 Pompton Ave,Cedar Grove,Essex,Essex,1.00,603.00
Dylan Rubino,170169,Buy Rite North Bergen,5665 John F. Kennedy Blvd,North Bergen,Hudson,Hudson,1.00,603.00
Hakan Sadik,150166,Liquor Zone,58 Broadway,Newark,Essex,Essex,1.00,600.00
Alisa Acciardi,150023,Brookdale W & S (A),1057 Broad St,Bloomfield,Essex,Essex,1.00,598.00
Andrew Lundy,250023,Bottle King Springfield,155 US-22,Springfield,Union,Union,1.00,590.00
Dylan Rubino,170183,Mlk Liquor (455 Jersey City),455 Martin Luther King Dr,Jersey City,Hudson,Hudson,1.00,579.00
Michael Harboy,150081,Lucky 7 Wine & Liq (A),10 South Valley Rd,West Orange,Essex,Essex,1.00,573.00
Michael Harboy,150005,The Bottle Stop (Caldwell),153 Roseland Ave,Caldwell,Essex,Essex,1.00,572.00
Dylan Rubino,170151,Cool Vines,276 Grove St,Jersey City,Hudson,Hudson,1.00,562.50
Hakan Sadik,150191,Home Wines & Liquors (927 Newark),927-929 Franklin Ave,Newark,Essex,Essex,1.00,558.00
Andrew Lundy,250142,Queen City Liquors,440 Watchung Ave,Plainfield,Union,Union,1.00,557.00
Alex Rodriguez,250082,Pickwick Liquor Shop,707 Park Ave,Plainfield,Union,Union,1.00,556.00
Hakan Sadik,152010,Royal Wine Iv,1073 Bergen St,Newark,Essex,Essex,1.00,543.00
Hakan Sadik,150149,Homer Liquors,1079 Broad St.,Newark,Essex,Essex,1.00,538.00
Hakan Sadik,150011,Kingdom Liquors (A),508 N 11th Street,Newark,Essex,Essex,1.00,537.00
Jaime Colonna,170220,Sprove Marketplace,70 Chris. Columbus Dr,Jersey City,Hudson,Hudson,1.00,537.00
Hakan Sadik,150186,Buy And Savings Liquor,133 Roseville Ave,Newark,Essex,Essex,1.00,531.00
Dylan Rubino,170203,Town Beverage,7804 Bergenline Ave,North Bergen,Hudson,Hudson,1.00,523.00
Hakan Sadik,150648,Brick City Liquors,102-106 Avon Ave,Newark,Essex,Essex,1.00,520.00
Andrew Lundy,250015,Butcher Block,209 Centennial Ave,Cranford,Union,Union,1.00,519.00
Andrew Lundy,250086,Linden Discount Liquors,54 E. St.George Ave,Linden,Union,Union,1.00,517.00
Alisa Acciardi,171002,Spirits Of Kearny,426 Kearny Ave,Kearny,Hudson,Hudson,1.00,515.00
Dylan Rubino,171402,Liberty Wine (P) & Deli,200 Washington St,Jersey City,Hudson,Hudson,1.00,513.00
Michael Harboy,150451,Wine Village,363 Bloomfield Ave,Caldwell,Essex,Essex,1.00,507.00
Jaime Colonna,173064,The Thirsty Quaker (P),492 Monmouth St,Jersey City,Hudson,Hudson,1.00,505.00
Andrew Lundy,251005,Home Wines & Liquors (360 Union),360 Chestnut St,Union,Union,Union,1.00,504.00
Jaime Colonna,170125,Hudson Vine (A),1 2ND ST,Jersey City,Hudson,Hudson,1.00,495.00
Alisa Acciardi,152039,Cottage Liquors,25-29 Cottage St,Newark,Essex,Essex,1.00,489.00
Andrew Lundy,250110,Liquor City @ Sams Club,1001 E Edgar Rd,Linden,Union,Union,1.00,483.00
Hakan Sadik,150649,Ralph Liquors,65-67 Elizabeth Ave,Newark,Essex,Essex,1.00,471.00
Alex Rodriguez,250049,New Seaport Liquors,184 3rd St,Elizabeth,Union,Union,1.00,469.00
Jaime Colonna,173055,Hoboken Vine,400 Newark St,Hoboken,Hudson,Hudson,1.00,468.00
Hakan Sadik,150113,Express Two Liquors,53 South Jefferson St.,Orange,Essex,Essex,1.00,468.00
Andrew Lundy,250443,Buyrite Liquors,850-B West Edgar Rd,Linden,Union,Union,1.00,467.00
Dylan Rubino,170190,Belmont Wine & Liquors,157 Monticello Avenue,Jersey City,Hudson,Hudson,1.00,466.00
Alisa Acciardi,150021,Town House Liq (A)& Wine,115 Watchung Ave,Montclair,Essex,Essex,1.00,460.00
Michael Harboy,150248,The Wine Rack North Caldwell,27 Bloomfield Ave,North Caldwell,Essex,Essex,1.00,450.00
Hakan Sadik,150151,Maple Liquors,356 Main St,East Orange,Essex,Essex,1.00,447.00
Dylan Rubino,172051,WNY Liquors,6007 Bergenline Ave,West New York,Hudson,Hudson,1.00,439.00
Dylan Rubino,170013,Universal Liquors (A),2117 Bergenline Avenue,Union City,Hudson,Hudson,1.00,439.00
Jaime Colonna,170255,Liquor House,118 Erie St,Jersey City,Hudson,Hudson,1.00,438.00
Dylan Rubino,173033,Royal Liquors & Deli,730 Bergen Avenue,Jersey City,Hudson,Hudson,1.00,438.00
Andrew Lundy,250069,Mega Liquors,67 Orchard St,Elizabeth,Union,Union,1.00,437.00
Jaime Colonna,171119,Wine Dads Hoboken,341 14th St,Hoboken,Hudson,Hudson,1.00,433.00
Dylan Rubino,171320,Figi Wine & Liq (P),2909 Bergenline Ave,Union City,Hudson,Hudson,1.00,431.00
Dylan Rubino,170001,Jersey Wine & Spirits,492 Jersey Ave,Jersey City,Hudson,Hudson,1.00,429.00
Hakan Sadik,150602,Extra Wine & Liquor,278 Orange St,Newark,Essex,Essex,1.00,424.00
Dylan Rubino,170364,Red Feast W & L (A),129 christopher columbus Dr,Jersey City,Hudson,Hudson,1.00,423.00
Dylan Rubino,170185,Pastore's Wine & Liquor,665 Montgomery Street,Jersey City,Hudson,Hudson,1.00,421.00
Hakan Sadik,152015,954 Liquors,954 18th Ave,Newark,Essex,Essex,1.00,420.00
Hakan Sadik,150211,Harmony Bar & Liquors,117 Central Ave,Orange,Essex,Essex,1.00,420.00
Hakan Sadik,150225,Park Ave Wine & Liquors,412 Park Ave,East Orange,Essex,Essex,1.00,415.00
Hakan Sadik,150182,Liquor Cave,309 Irvington Ave,South Orange,Essex,Essex,1.00,413.00
Andrew Lundy,250136,M & M Liquors,22 South Street,New Providence,Union,Union,1.00,408.00
Hakan Sadik,150156,Ivy Plaza Liquors,521 Irvington Ave,Newark,Essex,Essex,1.00,399.00
Hakan Sadik,150065,Vailsburg Wine/Liq (A),986 So.Orange Ave,Newark,Essex,Essex,1.00,399.00
Hakan Sadik,152013,C & D Liquors,152 Bloomfield Ave,Newark,Essex,Essex,1.00,394.00
Hakan Sadik,150616,JRC Liquor,728 Springfield Ave,Irvington,Essex,Essex,1.00,391.00
Hakan Sadik,150654,Joe Canals,1830-1840 Springfield Ave,Maplewood,Essex,Essex,1.00,387.00
Andrew Lundy,251004,Payless Liquor_2,1774-C Burnett Ave,Union,Union,Union,1.00,378.00
Hakan Sadik,152001,Manny's Liquors,203 16th Ave,Newark,Essex,Essex,1.00,376.00
Dylan Rubino,170023,Corks & Bottles (P),6910 John F. Kennedy Blvd,Guttenberg,Hudson,Hudson,1.00,375.00
Alex Rodriguez,250093,San Homa Liquors,1003 E. 2nd St.,Plainfield,Union,Union,1.00,374.00
Jaime Colonna,171117,Delite Market,420 Washington St,Hoboken,Hudson,Hudson,1.00,373.00
Dylan Rubino,171323,Union Liquors,710 Summit Ave,Union City,Hudson,Hudson,1.00,366.00
Andrew Lundy,250143,Jersey Fine Wines,1260 Springfield Ave,New Providence,Union,Union,1.00,365.00
Hakan Sadik,152035,City Line Super Liquor,955 Frelinghuysen Ave,Newark,Essex,Essex,1.00,365.00
Hakan Sadik,150612,All Brothers Ii (Irvington),859 18th Ave,Irvington,Essex,Essex,1.00,364.00
Hakan Sadik,150214,Three Corners Liquor/Bar,321-322 North Day St,Orange,Essex,Essex,1.00,363.00
Hakan Sadik,152006,Skyline Liquors #2,778 Bergen St,Newark,Essex,Essex,1.00,359.00
Andrew Lundy,250064,America Liquors,503 Elizabeth Ave,Elizabeth,Union,Union,1.00,358.00
Alisa Acciardi,150157,Plaza Wine & Liquor,123 Bloomfield Ave,Bloomfield,Essex,Essex,1.00,358.00
Andrew Lundy,250060,La Bamba,446 Elizabeth Ave,Elizabeth,Union,Union,1.00,356.00
Alex Rodriguez,250141,Ben Franklin Liquor,332 East Front St,Plainfield,Union,Union,1.00,356.00
Dylan Rubino,170012,Wine Outlet,10 Meadowlands Parkway,Secaucus,Hudson,Hudson,1.00,355.00
Dylan Rubino,170191,Wine Warehouse (P) (Union City),2013 Bergenline Ave,Union City,Hudson,Hudson,1.00,352.00
Andrew Lundy,250016,Buy Rite Liq (A),1448 Morris Ave,Union,Union,Union,1.00,352.00
Hakan Sadik,150218,Lyons Discount,13-29 CORDIER ST,Irvington,Essex,Essex,1.00,352.00
Alisa Acciardi,170038,Harrison Discount Liq(P),416 Frank E Rodgers Blvd,Harrison,Hudson,Hudson,1.00,350.00
Andrew Lundy,250038,Home Wine & Liquors (1850 Union),1850 Morris Ave.,Union,Union,Union,1.00,349.00
Hakan Sadik,150640,Firehouse Liquors,273 Park Ave,Newark,Essex,Essex,1.00,348.00
Alisa Acciardi,150400,Liquor City,481 Washington Ave,Belleville,Essex,Essex,1.00,347.00
Hakan Sadik,150062,United Liquor,362 Washington St.,Newark,Essex,Essex,1.00,346.00
Alisa Acciardi,150060,Belleville Liquors,736 Belleville Ave,Belleville,Essex,Essex,1.00,343.00
Andrew Lundy,250042,Pied Piper Liquor,613a W.Edgar Rd.,Linden,Union,Union,1.00,342.00
Andrew Lundy,250032,Rotondo's Liquor,1040 Lake Ave,Clark,Union,Union,1.00,341.00
Hakan Sadik,150645,Best Brother Liquor,344-350 Clinton Ave,Newark,Essex,Essex,1.00,337.00
Michael Harboy,150040,Krauser's Liquor Locker,645 Bloomfield Avenue,Verona,Essex,Essex,1.00,333.00
Michael Harboy,151023,Grove Liquors,131 Grove St,Montclair,Essex,Essex,1.00,333.00
Alisa Acciardi,171305,Liquoram Of Kearny,386 Belleville Tpke,Kearny,Hudson,Hudson,1.00,329.00
Alex Rodriguez,250072,Picacho Liquors,303 Elizabeth Ave,Elizabeth,Union,Union,1.00,328.00
Jaime Colonna,173041,Blue Ribbon Wine/Liq/Groc,450 1st St.,Hoboken,Hudson,Hudson,1.00,326.00
Alex Rodriguez,250186,Gail's Wine And Spirits,200 Broad St,Elizabeth,Union,Union,1.00,326.00
Jaime Colonna,170248,Coolvines Powerhouse,350 Warren St,Jersey City,Hudson,Hudson,1.00,325.00
Dylan Rubino,170027,Discount Liquors West New York,5109 Bergenline Avenue,West New York,Hudson,Hudson,1.00,321.00
Hakan Sadik,152011,Royal Liquor Ii,717-719 Frelinghuysen Ave,Newark,Essex,Essex,1.00,320.00
Andrew Lundy,254003,Drinq Linq The Liquor Store,6-20 South Ave W,Cranford,Union,Union,1.00,319.00
Dylan Rubino,171337,J & L Liquors (P),6404 Bergenline Ave,West New York,Hudson,Hudson,1.00,313.00
Dylan Rubino,170208,Benny's Liq & Deli,7000 Park Ave,Guttenberg,Hudson,Hudson,1.00,310.00
Alex Rodriguez,253000,Leland Liquor & Deli,296-298 Leland Ave,Plainfield,Union,Union,1.00,307.00
Alisa Acciardi,150080,Berkeley Liquors,129 Franklin St.,Bloomfield,Essex,Essex,1.00,306.00
Alex Rodriguez,150012,Kings Super Markets,778 Morris Turnpike,Short Hills,Essex,Essex,1.00,305.00
Michael Harboy,150162,Krauszer's Food & Liq,2 Central Ave,West Orange,Essex,Essex,1.00,298.00
Hakan Sadik,150639,Azcona Liquors,818-820 South Orange Ave,Newark,Essex,Essex,1.00,297.00
Jaime Colonna,170002,Alvins W&L (P),1004 Washington Ave,Hoboken,Hudson,Hudson,1.00,297.00
Dylan Rubino,170040,Los Padrinos,5915 Park Ave,West New York,Hudson,Hudson,1.00,297.00
Dylan Rubino,178003,Park Ave Wine & Liq Gros.,4204 Park Ave,Weehawken,Hudson,Hudson,1.00,294.00
John O'Donoghue,250001,Vine Republik (Mountainside),1267 Rte 22,Mountainside,Union,Union,1.00,294.00
Hakan Sadik,150170,Express Liquors,828 N 6th St,Newark,Essex,Essex,1.00,293.00
Hakan Sadik,152000,Royal Liquors 3,634 18th Ave,Newark,Essex,Essex,1.00,293.00
Alisa Acciardi,121004,Harry's Wine Cellar,297 Broadway,Bayonne,Hudson,Hudson,1.00,292.00
Hakan Sadik,150136,Double Dee Liquors,354 Main St,Orange,Essex,Essex,1.00,289.00
Alex Rodriguez,250135,Garcias Liquor Depot,309 Westfield Ave,Elizabeth,Union,Union,1.00,288.00
Dylan Rubino,170075,New Junction Liquors,489 Communipaw Avenue,Jersey City,Hudson,Hudson,1.00,285.00
Alex Rodriguez,250068,Jakob Liquors,1114-1126 Elizabeth Ave,Elizabeth,Union,Union,1.00,284.00
Alex Rodriguez,250149,South Ave Liquors,1111 South Ave,Plainfield,Union,Union,1.00,284.00
Dylan Rubino,170160,Home Wines & Liquors (North Bergen),2001-2005 89th St,North Bergen,Hudson,Hudson,1.00,282.00
Dylan Rubino,179014,Krauszers (Secaucus),40 Meadowlands Pkwy,Secaucus,Hudson,Hudson,1.00,276.00
Alisa Acciardi,150152,Krauszer Food & Liquor,1263 Broad St,Bloomfield,Essex,Essex,1.00,276.00
Michael Harboy,150190,Quick Stop Liquors,627 Eagle Rock Ave,West Orange,Essex,Essex,1.00,276.00
Dylan Rubino,17027,FOOD BAZAAR,1425 John F. Kennedy Blvd,North Bergen,Hudson,Hudson,1.00,271.00
Michael Harboy,150203,B & B Liquors (West Orange),7 Northfield Ave,West Orange,Essex,Essex,1.00,271.00
Alex Rodriguez,250308,Super Discount Liquors,825 Rahway Ave,Elizabeth,Union,Union,1.00,270.00
John O'Donoghue,150031,Fairfield Wine Cellar,99 Us-46,Fairfield,Essex,Essex,1.00,270.00
Alex Rodriguez,150118,Wine Legend,277 Eisenhower Pkwy,Livingston,Essex,Essex,1.00,269.00
Jaime Colonna,170258,Village Wine & Liquors Ii,366 2nd St,Jersey City,Hudson,Hudson,1.00,268.00
Dylan Rubino,170094,Palace Drugs (P),172 Newark Avenue,Jersey City,Hudson,Hudson,1.00,267.00
Hakan Sadik,150647,Home Town Clinton,516 Clinton Ave,Newark,Essex,Essex,1.00,265.00
Dylan Rubino,170251,Peckmans Pharmacy,227 Ocean Ave,Jersey City,Hudson,Hudson,1.00,265.00
Dylan Rubino,170189,Ocean One Stop Liquor,641 Ocean Avenue,Jersey City,Hudson,Hudson,1.00,265.00
Hakan Sadik,150224,East Orange Liquor,160 North Grove St,East Orange,Essex,Essex,1.00,264.00
Dylan Rubino,170310,Buy & Savings Ii (P),32 Coles St,Jersey City,Hudson,Hudson,1.00,261.00
Alex Rodriguez,250140,Station Liquors,405 Park Ave,Plainfield,Union,Union,1.00,261.00
Hakan Sadik,150633,Wine Warehouse (Newark),75 1st Street,Newark,Essex,Essex,1.00,259.00
Dylan Rubino,170091,Refined Wine and Spirits,47 Grand St.,Jersey City,Hudson,Hudson,1.00,257.00
Dylan Rubino,171321,Kikos Liquor (P),153 48th St,Union City,Hudson,Hudson,1.00,257.00
Hakan Sadik,152048,D & S Liquors,618 15th ave.,Newark,Essex,Essex,1.00,257.00
Hakan Sadik,152007,All Brothers Liquors #3 (Newark),373 West Market St,Newark,Essex,Essex,1.00,256.00
Hakan Sadik,150210,Scotland Arms Liquors,711-713 Scotland Rd,Orange,Essex,Essex,1.00,256.00
Andrew Lundy,250078,Milton Liquors,223 Morris Ave,Springfield,Union,Union,1.00,255.00
Hakan Sadik,152025,New Owl Liquors,400 Springfield Ave,Newark,Essex,Essex,1.00,253.00
Andrew Lundy,250102,Hillside Liquors,1320 N Broad St,Hillside,Union,Union,1.00,251.00
Hakan Sadik,152005,Quality Liquors #2,41 Evergreen Ave,Newark,Essex,Essex,1.00,248.00
Alex Rodriguez,250187,Urena Liquors,416 Morris Ave,Elizabeth,Union,Union,1.00,247.00
Dylan Rubino,178014,Best Liquors (P),4100 Park Ave(Store 12),Weehawken,Hudson,Hudson,1.00,246.00
Dylan Rubino,170072,Jersey Farm & Liquors,2983 Kennedy Blvd,Jersey City,Hudson,Hudson,1.00,244.00
Andrew Lundy,250441,Southwood Liquors,928 South Wood Ave,Linden,Union,Union,1.00,244.00
Dylan Rubino,171405,Waterfront Wine & Liq(P),81 Montgomery Street,Jersey City,Hudson,Hudson,1.00,243.00
Dylan Rubino,170063,Boulevard Mart & Liq (A),2708 John F. Kennedy Blvd,Jersey City,Hudson,Hudson,1.00,242.00
Alisa Acciardi,150129,White Oaks Liquors,418 Union Ave,Belleville,Essex,Essex,1.00,240.00
Alisa Acciardi,150128,C & I Liquors(Superfresh),165 Belmont Ave,Belleville,Essex,Essex,1.00,240.00
Hakan Sadik,150638,New Silver Key Liq Ii,263 Springfield Ave,Newark,Essex,Essex,1.00,239.00
Alisa Acciardi,170210,Eddy's Wine & Liq,490 Avenue C,Bayonne,Hudson,Hudson,1.00,239.00
Hakan Sadik,150145,Wine 2 Spirits,696-704 Mt.Prospect Ave,Newark,Essex,Essex,1.00,237.00
Hakan Sadik,150226,Silver Wine & Liquor,51 Central Ave,East Orange,Essex,Essex,1.00,237.00
Dylan Rubino,178015,Noble Discount Liquors,4702 Park Ave,Weehawken,Hudson,Hudson,1.00,234.00
Alex Rodriguez,250020,Rick's Wines & Liquors,1140 South Avenue,Plainfield,Union,Union,1.00,234.00
Michael Harboy,150041,A&M Liquor,517 Bloomfield Ave,Montclair,Essex,Essex,1.00,234.00
Hakan Sadik,150066,New Home Liquor,458-64 Rosevile Ave,Newark,Essex,Essex,1.00,233.00
Andrew Lundy,250170,D&R Liquor,1120 Liberty Ave,Hillside,Union,Union,1.00,233.00
Michael Harboy,150036,Romany Liquor Shop (A),227 Glenridge Avenue,Montclair,Essex,Essex,1.00,233.00
Alisa Acciardi,150131,Lbv Cellars,266 Chestnut St,Newark,Essex,Essex,1.00,231.00
Dylan Rubino,170034,Metro Liquors (1212 Jersey City),1212 Summit Avenue,Jersey City,Hudson,Hudson,1.00,229.00
Hakan Sadik,150673,Krauszer's Food & Wines,649 18th Ave,Irvington,Essex,Essex,1.00,225.00
Hakan Sadik,152017,Pennsylvania Liquors,61 Pennsylvania Ave,Newark,Essex,Essex,1.00,225.00
Dylan Rubino,170218,HD Liquors,6714 Park Ave,Guttenberg,Hudson,Hudson,1.00,225.00
Alisa Acciardi,150038,Pioneer Wine's & Liquors,652 Joralemon Street,Belleville,Essex,Essex,1.00,224.00
Jaime Colonna,170037,Willow Grocery Liq.,841 Willow Ave (9th),Hoboken,Hudson,Hudson,1.00,224.00
Andrew Lundy,250084,Parkway Liquors(P),870 Boulevard,Kenilworth,Union,Union,1.00,224.00
Jaime Colonna,17026,Wine Dad's Jersey City,273 16th St.,Jersey City,Hudson,Hudson,1.00,220.00
Hakan Sadik,152008,Chancellor Newark,423 Chancellor Ave,Newark,Essex,Essex,1.00,219.00
Hakan Sadik,150646,Tonys Liquors #2,401 Clinton Ave,Newark,Essex,Essex,1.00,218.00
Alisa Acciardi,150020,Gallaghers Wine & Cheese,559 Bloomfield Ave,Bloomfield,Essex,Essex,1.00,218.00
Hakan Sadik,150637,Mayfair Wine & Liquors,1014 South Orange Ave,Newark,Essex,Essex,1.00,218.00
Michael Harboy,150628,Don's Wine & Liq(P),53 Washington St,West Orange,Essex,Essex,1.00,218.00
Alex Rodriguez,150155,L Town Liquors,214 N. Livingston Ave,Livingston,Essex,Essex,1.00,217.00
Hakan Sadik,152032,Avenue Liquors,208 Bloomfield Ave,Newark,Essex,Essex,1.00,217.00
Alisa Acciardi,150037,Heller & Heller Liquors (Nutley),200 N Franklin Ave,Nutley,Essex,Essex,1.00,217.00
Andrew Lundy,150133,The Wine Rack Millburn,186 Essex St,Millburn,Essex,Essex,1.00,216.00
Dylan Rubino,171346,Crown Liquor,428 32nd St,Union City,Hudson,Hudson,1.00,214.00
Jaime Colonna,170429,Village W & L (P),348 Grove St,Jersey City,Hudson,Hudson,1.00,213.00
Hakan Sadik,152003,Hawthorne Quality Liquors,340 Hawthorne Ave,Newark,Essex,Essex,1.00,212.50
Michael Harboy,150103,Jacks Supermarket,370 Bloomfield Ave,Caldwell,Essex,Essex,1.00,211.00
Dylan Rubino,170015,Twin City Liquors (A),2 Garfield Ave,Jersey City,Hudson,Hudson,1.00,209.00
Alex Rodriguez,150609,Home Liquors(465 Newark),465 Orange St,Newark,Essex,Essex,1.00,207.00
Hakan Sadik,150620,Maplewood Wine & Liquor,3 Highland Pl,Maplewood,Essex,Essex,1.00,206.00
Alisa Acciardi,150144,Home Liquors(480 Newark) (P),480 Market St,Newark,Essex,Essex,1.00,205.00
Hakan Sadik,150216,Brandy's Lounge And Liquors,155-157 Main St,Orange,Essex,Essex,1.00,205.00
Dylan Rubino,170092,Willies Liq (P),501 Central Ave,Jersey City,Hudson,Hudson,1.00,205.00
Dylan Rubino,170083,Metro Liquor (69 Jersey City),69 Martin Luther King Dr,Jersey City,Hudson,Hudson,1.00,203.00
Hakan Sadik,150230,King's W & L,230 Springdale Ave,East Orange,Essex,Essex,1.00,202.00
Hakan Sadik,152018,Kimka Liquors,918-920 18th Ave,Newark,Essex,Essex,1.00,201.00
Dylan Rubino,170312,J B Liquors,368 Summit Ave,Jersey City,Hudson,Hudson,1.00,201.00
Alisa Acciardi,152040,Top Shelf Wine & Liquor,1 Raymond Plaza West,Newark,Essex,Essex,1.00,200.00
Dylan Rubino,170198,Heights Liquors,292 Central Avenue,Jersey City,Hudson,Hudson,1.00,200.00
Hakan Sadik,150044,South Orange Fine Wine & Spirits,1153 South Orange Ave,Newark,Essex,Essex,1.00,199.00
Dylan Rubino,170261,Bela Wine & Spirits_2,74 Maple Ave,Jersey City,Hudson,Hudson,1.00,196.00
Andrew Lundy,251008,Home Wines & Liquors (2401 Union),2401 H Union Plaza Rt.22W.,Union,Union,Union,1.00,195.00
Dylan Rubino,170033,Fulton Liquors (P),165 Martin Luther King,Jersey City,Hudson,Hudson,1.00,195.00
Dylan Rubino,170057,New Town Liquors (P),478 Westside Avenue,Jersey City,Hudson,Hudson,1.00,192.00
Andrew Lundy,250046,Pregame Liquors,355 W. St.Georges Ave,Linden,Union,Union,1.00,192.00
Dylan Rubino,171349,Payano Liquors,1411 Summit Ave,Union City,Hudson,Hudson,1.00,191.00
Hakan Sadik,150223,New Gold Rose Liquors,392 Williams St,East Orange,Essex,Essex,1.00,190.00
Dylan Rubino,170144,Hudson Wine Co (P),865 Roosevelt Ave,Secaucus,Hudson,Hudson,1.00,188.00
Dylan Rubino,170122,Liquor Boss,683 Summit Ave,Jersey City,Hudson,Hudson,1.00,187.00
Jaime Colonna,171015,Uncorked Wines & Spirits - Hoboken NJ,1450 Washington St,Hoboken,Hudson,Hudson,1.00,186.00
Alisa Acciardi,170239,Brothers Supermarket,311 Harrison Ave,Harrison,Hudson,Hudson,1.00,184.00
Alisa Acciardi,171404,Massarelli's Liquors,403 Broadway,Bayonne,Hudson,Hudson,1.00,184.00
Alisa Acciardi,171303,Drink Rite Liquor,315 Kearny Ave,Kearny,Hudson,Hudson,1.00,184.00
Hakan Sadik,152014,Haber Liquors,378 Chancellor Ave,Newark,Essex,Essex,1.00,183.00
Hakan Sadik,152029,Skyline Liquors Iii,513 Hawthorne Ave,Newark,Essex,Essex,1.00,182.00
Alex Rodriguez,250300,Jackson Liquors,426 Jackson Ave,Elizabeth,Union,Union,1.00,181.00
Michael Harboy,150053,Pilgrim Liquor,283 Pompton Ave,Verona,Essex,Essex,1.00,179.00
Dylan Rubino,170212,Empire Liq (P),6301 Park Ave,West New York,Hudson,Hudson,1.00,179.00
Hakan Sadik,150172,Maple Check,1942 Springfield Ave,Maplewood,Essex,Essex,1.00,177.00
Dylan Rubino,170211,Pavan Liquors (P),6509 Park Avenue,West New York,Hudson,Hudson,1.00,176.00
Hakan Sadik,150134,Bell Liquor,2 Bloomfield Ave,Belleville,Essex,Essex,1.00,175.00
Hakan Sadik,150184,Newark Discount Wine and Spirits,355 Bloomfield Ave,Newark,Essex,Essex,1.00,175.00
Alisa Acciardi,150229,City Discount Liquors,114-130 Stockton St.,Newark,Essex,Essex,1.00,175.00
Dylan Rubino,170069,Blvd Liquors (P),2844 Kennedy Blvd.,Jersey City,Hudson,Hudson,1.00,174.00
Dylan Rubino,171335,Latino's Liquor (P),5115 Hudson Ave,West New York,Hudson,Hudson,1.00,173.00
Jaime Colonna,173058,Ottomanelli's Liquor Store,422 Monroe St,Hoboken,Hudson,Hudson,1.00,171.00
Andrew Lundy,250161,The Wine Rack Summit,490 Morris Ave,Summit,Union,Union,1.00,170.00
Dylan Rubino,170121,Lee's Liquor & Grocery Store,45 Congress Street,Jersey City,Hudson,Hudson,1.00,170.00
Dylan Rubino,170186,A&A Liquor (P),2347 Kennedy Blvd,Jersey City,Hudson,Hudson,1.00,170.00
Hakan Sadik,150217,Galaxy Liquor,410 Central Ave,Orange,Essex,Essex,1.00,169.00
Dylan Rubino,171348,Los Laureles Liq (Z),4625 Broadway,Union City,Hudson,Hudson,1.00,168.00
Jaime Colonna,170265,Metropolis,96 River St,Hoboken,Hudson,Hudson,1.00,167.00
Alex Rodriguez,250047,Wine Cellar,808 Spring Street,Elizabeth,Union,Union,1.00,167.00
Dylan Rubino,170079,Sigmond Liquors (A),332 Martin Luther King,Jersey City,Hudson,Hudson,1.00,166.00
Alex Rodriguez,250056,Continental Wine/Liq,840 Elizabeth Ave,Elizabeth,Union,Union,1.00,166.00
Dylan Rubino,170103,Heaven's Liquor & Deli,529 Newark Ave,Jersey City,Hudson,Hudson,1.00,166.00
Alisa Acciardi,170004,Liquor Warehouse,300-306 Passaic Ave,East Newark,Hudson,Hudson,1.00,165.00
Hakan Sadik,150669,A-1 Payless Liquors,1045 Stuyvesant Ave,Irvington,Essex,Essex,1.00,165.00
Dylan Rubino,170188,Market Liquors,68 Bergen Avenue,Jersey City,Hudson,Hudson,1.00,165.00
Dylan Rubino,170096,Union City Liquors,4122 Bergenline Avenue,Union City,Hudson,Hudson,1.00,164.00
Dylan Rubino,178101,Sals Deli,4510 Bergen Turnpike,North Bergen,Hudson,Hudson,1.00,164.00
Dylan Rubino,170168,Discount Wine & Spirits,5000 Park Ave,Weehawken,Hudson,Hudson,1.00,164.00
Alisa Acciardi,170123,City Line Liquors (P),1347 Kennedy Blvd,Bayonne,Hudson,Hudson,1.00,164.00
Alisa Acciardi,170056,Golden Beer & Liquor,614 Harrison Avenue,Harrison,Hudson,Hudson,1.00,161.00
Dylan Rubino,178001,Tonnelle Wine & Liq,8516 Tonnelle Ave,North Bergen,Hudson,Hudson,1.00,158.00
Michael Harboy,150108,Caggiano Liquors,65-67 Glenridge Ave,Montclair,Essex,Essex,1.00,158.00
Dylan Rubino,170080,J&R Liquors & Deli,217 Martin Luther King,Jersey City,Hudson,Hudson,1.00,158.00
Dylan Rubino,170230,Aivan Liq (P),112 Tonnelle Ave,Jersey City,Hudson,Hudson,1.00,156.00
Alex Rodriguez,250070,Pereira's Liquor,318 Morris Ave,Elizabeth,Union,Union,1.00,152.00
Alex Rodriguez,250130,Westminster Liquors,404 N Broad St,Elizabeth,Union,Union,1.00,150.00
Alex Rodriguez,250153,T & J Liquor,1201 E St George Ave,Roselle,Union,Union,1.00,149.00
Hakan Sadik,150607,Angel Liquors,634 Dr. Mlk Jr. Blvd,Newark,Essex,Essex,1.00,147.00
Alisa Acciardi,171304,Sun Liquors & Grocery,12 Kearny Avenue,Kearny,Hudson,Hudson,1.00,147.00
Alex Rodriguez,250053,Liquor Basics,585 Raritan Road,Roselle,Union,Union,1.00,147.00
Alex Rodriguez,250131,Liquor Gallery (Elizabeth),131 Elmora Ave,Elizabeth,Union,Union,1.00,146.00
Dylan Rubino,170178,Reuben Liq (Uc) (P),2117 Summit Ave,Union City,Hudson,Hudson,1.00,145.00
Hakan Sadik,150604,Royal Liquors,363 South Orange Ave,Newark,Essex,Essex,1.00,145.00
Michael Harboy,150192,South End Liquors,310 Orange Rd,Montclair,Essex,Essex,1.00,142.00
Dylan Rubino,170088,Sip Discount Liq (A),433 Sip Ave,Jersey City,Hudson,Hudson,1.00,142.00
Dylan Rubino,170181,Power Liquors,1001 Bergenline Avenue,Union City,Hudson,Hudson,1.00,141.00
Dylan Rubino,170250,American Liquor,509 Westside Ave,Jersey City,Hudson,Hudson,1.00,140.00
Hakan Sadik,152019,New Silver Key Iii,343 Avon Ave,Newark,Essex,Essex,1.00,140.00
Andrew Lundy,250138,Wine Anthology,1985 Rt.22 West,Scotch Plains,Union,Union,1.00,140.00
Dylan Rubino,170081,A & S Liquors,14a Rose Avenue,Jersey City,Hudson,Hudson,1.00,140.00
Hakan Sadik,150220,New JD Liquors,506 Prospect St,East Orange,Essex,Essex,1.00,139.00
Dylan Rubino,178005,Best Liquors & Deli,901 76th St,North Bergen,Hudson,Hudson,1.00,136.00
Dylan Rubino,170146,Jenny's Liq,6108 Palisades Ave,West New York,Hudson,Hudson,1.00,135.00
Alex Rodriguez,150153,Wine Depot Of Livingston,603 S Livingston Ave,Livingston,Essex,Essex,1.00,131.33
Alex Rodriguez,250129,Super Value Liquors,224 Rahway Ave,Elizabeth,Union,Union,1.00,131.00
Dylan Rubino,170252,Baldwin W & L,51 St Pauls Ave,Jersey City,Hudson,Hudson,1.00,129.00
Dylan Rubino,170097,Discount Liquor,555 Tonnelle Ave,Jersey City,Hudson,Hudson,1.00,129.00
Jaime Colonna,170090,Bauers Wine & Liquor,739 West Side Avenue,Jersey City,Hudson,Hudson,1.00,129.00
Hakan Sadik,150665,Madison Liquor Superette,378 Stuyvesant Ave,Irvington,Essex,Essex,1.00,129.00
Dylan Rubino,170041,Binny's Liquors (306 Jersey City),306 Newark Avenue,Jersey City,Hudson,Hudson,1.00,128.00
Alisa Acciardi,150098,Lisbon Wines & Liquors,114 Ferry St,Newark,Essex,Essex,1.00,128.00
Hakan Sadik,150147,Irvington Liquors,1394 Springfield Ave,Irvington,Essex,Essex,1.00,127.00
Alisa Acciardi,150106,Iron Bound Wines & Spirit,124 Adams St.,Newark,Essex,Essex,1.00,125.00
Michael Harboy,150042,St Cloud Liquors,533 Northfield Avenue,West Orange,Essex,Essex,1.00,124.00
Dylan Rubino,170024,Manhatten Liquors,3300 Kennedy Blvd.,Jersey City,Hudson,Hudson,1.00,124.00
Hakan Sadik,150169,Pueblo Liquor,880 Mt. Prospect Ave #2,Newark,Essex,Essex,1.00,124.00
Andrew Lundy,250801,Main Street Spirits,1537 Main St,Rahway,Union,Union,1.00,123.00
Alex Rodriguez,250315,Cantinho Liquors,1041 North Ave,Elizabeth,Union,Union,1.00,122.00
Andrew Lundy,250115,Food Express,202 Broad St,Summit,Union,Union,1.00,120.00
Dylan Rubino,170084,K O P Liquors (P),444 Ocean Avenue,Jersey City,Hudson,Hudson,1.00,120.00
Alex Rodriguez,250059,Payless Liquor,1041 Elizabeth Ave,Elizabeth,Union,Union,1.00,119.00
Andrew Lundy,250040,Fanwood Liquors(A),61 South Ave.,Fanwood,Union,Union,1.00,119.00
Andrew Lundy,250112,Ever Blue Liquors,431 N Wood Ave,Linden,Union,Union,1.00,119.00
Dylan Rubino,170286,West Side Liquors (358 Jersey City),358 West Side Ave.,Jersey City,Hudson,Hudson,1.00,118.00
Dylan Rubino,170077,Moon Liquors (P),6906 Bergenline Ave,Guttenberg,Hudson,Hudson,1.00,116.00
Andrew Lundy,250169,The Westfield Liquor Loft,22 Elm St,Westfield,Union,Union,1.00,112.00
Jaime Colonna,170158,Sunset wine & spirits,702 Washington St,Hoboken,Hudson,Hudson,1.00,110.00
Jaime Colonna,171013,Hoboken Liquor & Grocery,98 Willow Avenue,Hoboken,Hudson,Hudson,1.00,109.00
Alex Rodriguez,250147,Rye House Spirits,1472 East Front Rd,Plainfield,Union,Union,1.00,109.00
Alisa Acciardi,171333,Family Convenience & Liq_2,180 Kearny Ave,Kearny,Hudson,Hudson,1.00,108.00
Alex Rodriguez,250191,Roselle Park Liquors,117 W. Colfax Ave,Roselle Park,Union,Union,1.00,107.00
Hakan Sadik,150667,Jason Liquors,762-764 Chancellor Ave,Irvington,Essex,Essex,1.00,105.00
Hakan Sadik,150402,Coolvines Newark,625 Broad St. Ste 110,Newark,Essex,Essex,1.00,104.00
Hakan Sadik,150644,Fox's Liquor,164 Irvine Turner Blvd,Newark,Essex,Essex,1.00,104.00
Andrew Lundy,250037,Beno's Liq (A),102 North Wood Ave,Linden,Union,Union,1.00,103.17
Hakan Sadik,150068,Rajashree Wine & Liq,751 Lyons Ave,Irvington,Essex,Essex,1.00,103.00
Alisa Acciardi,170108,J & V Liquors,169 Broadway,Bayonne,Hudson,Hudson,1.00,103.00
Jaime Colonna,172015,Daniels Wine And Liq,87 Garden St,Hoboken,Hudson,Hudson,1.00,102.00
Dylan Rubino,170047,Crescent Wines & Liq (P),381 Ocean Avenue A,Jersey City,Hudson,Hudson,1.00,102.00
Alex Rodriguez,250302,New Silver Key Liquor 4,594 Pennsylvania Ave,Elizabeth,Union,Union,1.00,102.00
Dylan Rubino,178010,Weehawken Deli & Liquor,3500 Park Ave,Weehawken,Hudson,Hudson,1.00,102.00
Dylan Rubino,170062,Sparrow Hill Market &Liq (Jersey City),3190 John F. Kennedy Blvd,Jersey City,Hudson,Hudson,1.00,101.00
Hakan Sadik,150222,Tremont Liquors,272 Sanford St,East Orange,Essex,Essex,1.00,101.00
Alex Rodriguez,250157,Skylark Discount Liquors,350 West 1st Ave,Roselle,Union,Union,1.00,101.00
Dylan Rubino,178021,Five Corner Liquor Store,121 Maple St,Weehawken,Hudson,Hudson,1.00,100.00
Hakan Sadik,150672,Muellers Star Liquors,1050 Clinton Ave,Irvington,Essex,Essex,1.00,98.00
Dylan Rubino,170222,E & E Wine & Liq (P),114 Old Bergen Road,Jersey City,Hudson,Hudson,1.00,97.00
Alex Rodriguez,250080,Crown Liquors,711 E. 1st Ave,Roselle,Union,Union,1.00,97.00
Dylan Rubino,170107,Central Wine And Liquors,601 Central Avenue,Union City,Hudson,Hudson,1.00,93.00
Dylan Rubino,170127,Fragoso Liquors,2613 Bergenline Ave,Union City,Hudson,Hudson,1.00,93.00
Dylan Rubino,170102,L&T Liquors,116 Ocean Avenue,Jersey City,Hudson,Hudson,1.00,91.00
Alisa Acciardi,170058,Alex Liquors & Deli,200 Grant Ave,Harrison,Hudson,Hudson,1.00,91.00
Dylan Rubino,170224,Bond Drugs,371 Central Ave,Jersey City,Hudson,Hudson,1.00,91.00
Dylan Rubino,170074,Webster Liquors,4 Webster Avenue,Jersey City,Hudson,Hudson,1.00,90.00
Alex Rodriguez,250193,Bella Wine and Spirits,122 E Westfield Ave,Roselle Park,Union,Union,1.00,90.00
Andrew Lundy,250442,Liquor Rangers,206 North Wood Ave,Linden,Union,Union,1.00,89.00
Andrew Lundy,250028,Beechwood Wine & Liq,1 Beechwood Road,Summit,Union,Union,1.00,89.00
Dylan Rubino,178002,Boulevard W & L (P),9236 Kennedy Blvd,North Bergen,Hudson,Hudson,1.00,87.00
Alisa Acciardi,150086,Cordes Wine & Liquor,370 Broad St,Bloomfield,Essex,Essex,1.00,86.00
Alex Rodriguez,250188,Second Street Liquors,261 2nd St,Elizabeth,Union,Union,1.00,85.00
Andrew Lundy,250075,Cap N Cork Liquors,1344 Stuyvesant Ave,Union,Union,Union,1.00,85.00
Hakan Sadik,152031,Edwin Liquors,207 South 11th St,Newark,Essex,Essex,1.00,85.00
Dylan Rubino,170199,H & H Discount Liq (P),3505 Kennedy Blvd.,Jersey City,Hudson,Hudson,1.00,83.00
Dylan Rubino,170195,Pena Liquor (P),960 Summit Avenue,Jersey City,Hudson,Hudson,1.00,83.00
Hakan Sadik,150623,Village Wine Shop,163 Maplewood Avenue,Maplewood,Essex,Essex,1.00,83.00
Michael Harboy,150078,Tory Corner Liquors (P),261 Main St,West Orange,Essex,Essex,1.00,82.00
Hakan Sadik,150177,Tonys Liquor Store,572 Broadway,Newark,Essex,Essex,1.00,82.00
Alisa Acciardi,171411,Stanley's Liq Store (P),732 Broadway,Bayonne,Hudson,Hudson,1.00,81.00
Hakan Sadik,150163,Colony Liquors,322 Central Ave,Orange,Essex,Essex,1.00,80.00
Michael Harboy,150126,Valley Liquors,426 Valley Rd,West Orange,Essex,Essex,1.00,79.00
Alisa Acciardi,152026,Mulberry Liquors,327 Mulberry St,Newark,Essex,Essex,1.00,79.00
Jaime Colonna,173056,Garden Wine & Liq (P),700 Park Avenue,Hoboken,Hudson,Hudson,1.00,78.00
Dylan Rubino,170299,E-Z Market & Liq (P),185 Mallory Ave,Jersey City,Hudson,Hudson,1.00,78.00
Alisa Acciardi,171332,Seabra Liquor,180 Schuyler Ave,Kearny,Hudson,Hudson,1.00,77.00
Alisa Acciardi,170035,Steves Liquors (P),219 Harrison Avenue,Harrison,Hudson,Hudson,1.00,77.00
Alex Rodriguez,250305,Valenca Rest & Liquor,665 Monroe Ave,Elizabeth,Union,Union,1.00,76.00
Dylan Rubino,170119,Hudson Wine & Liq (P),5600 Hudson Avenue,West New York,Hudson,Hudson,1.00,75.00
Hakan Sadik,152012,Oasis Liquors & Bar,284 Lyons Ave,Newark,Essex,Essex,1.00,75.00
Alex Rodriguez,250152,C & B Liquors,221 Sheridan Ave,Roselle,Union,Union,1.00,74.00
Andrew Lundy,251010,Triangle Liquors,1406 Burnet Ave,Union,Union,Union,1.00,73.00
Dylan Rubino,178100,Broadway Wine & Liquor,7425 Broadway,North Bergen,Hudson,Hudson,1.00,72.00
Dylan Rubino,170233,Five Star Liquors,238 New York Ave,Jersey City,Hudson,Hudson,1.00,70.00
Alex Rodriguez,250151,Paul & Joe Deli And Liq,500 Chandler Ave,Roselle,Union,Union,1.00,69.00
Michael Harboy,150101,Party Liquors,469 Mt.Pleasant Ave,West Orange,Essex,Essex,1.00,69.00
Alisa Acciardi,170140,Midland Dairy (A),170 Midland Ave,Kearny,Hudson,Hudson,1.00,67.00
Dylan Rubino,170187,325 Bergen Liquor,325 Bergen Avenue,Jersey City,Hudson,Hudson,1.00,66.00
Alisa Acciardi,150033,Discount Liquors Bloomfield,24 1st Avenue,Bloomfield,Essex,Essex,1.00,66.00
Alisa Acciardi,171328,Kearny Wine & Liquor,818 Kearny Ave,Kearny,Hudson,Hudson,1.00,65.00
Alex Rodriguez,250132,Butlers Liquor Store,182 Elmora Ave,Elizabeth,Union,Union,1.00,65.00
Hakan Sadik,152038,Norfolk Liquors,137 Norfork St,Newark,Essex,Essex,1.00,64.00
Dylan Rubino,170082,Larry's Liquors,29 Martin Luther King Blv,Jersey City,Hudson,Hudson,1.00,60.00
Hakan Sadik,150064,New Silver Key Liquor,250 Broadway,Newark,Essex,Essex,1.00,58.00
Andrew Lundy,250003,Breen's Wines & Liquors,21 N Union Ave,Cranford,Union,Union,1.00,58.00
Andrew Lundy,250062,Aarti's World Disc Liq,1675 Rte 22 West,Union,Union,Union,1.00,53.00
Dylan Rubino,170109,Kraemer's Liquor Store (P),4601 Bergenline Avenue,Union City,Hudson,Hudson,1.00,53.00
Alex Rodriguez,250137,Elmora Liquors,615 Westfield Ave,Elizabeth,Union,Union,1.00,51.00
Dylan Rubino,170039,Downtown Liquor,405 5th Street,Union City,Hudson,Hudson,1.00,50.00
Hakan Sadik,152027,Roseville Liquors & Wines,335 Roseville Ave,Newark,Essex,Essex,1.00,50.00
Andrew Lundy,250101,Luis Liquors,1317 Liberty Ave,Hillside,Union,Union,1.00,50.00
Dylan Rubino,170106,Paulino Liquors,643 Newark Ave,Jersey City,Hudson,Hudson,1.00,49.00
Alex Rodriguez,250054,Marte Liq Warehouse,929 Elizabeth Ave,Elizabeth,Union,Union,1.00,49.00
Dylan Rubino,171347,Fuerte Liquors,518 32nd St,Union City,Hudson,Hudson,1.00,48.00
Hakan Sadik,150067,T&T Liquors (A),759 Broadway,Newark,Essex,Essex,1.00,46.00
Hakan Sadik,150671,Al - Liquors,1117 Grove St,Irvington,Essex,Essex,1.00,45.00
Hakan Sadik,152009,Family Liquors,1112 Broad St,Newark,Essex,Essex,1.00,44.00
Dylan Rubino,170073,Kings Liquor,205 Sip Ave,Jersey City,Hudson,Hudson,1.00,44.00
Dylan Rubino,174102,The Galaxy Drug Store,7000 Jfk Blvd East,Guttenberg,Hudson,Hudson,1.00,44.00
Dylan Rubino,172049,Z & M Liquors,1165 Summit Avenue,Jersey City,Hudson,Hudson,1.00,44.00
Andrew Lundy,250005,Wine List Of Summit,417 Springfield Ave,Summit,Union,Union,1.00,43.00
Andrew Lundy,250057,Rahway Discount Liquors (A),736 W Grand Ave,Rahway,Union,Union,1.00,43.00
Dylan Rubino,173077,Podewitz Liquor & Deli,400 Central Ave,Jersey City,Hudson,Hudson,1.00,41.00
Hakan Sadik,150164,Best Quality Liquor,138 South Essex Ave,Orange,Essex,Essex,1.00,40.00
Dylan Rubino,170071,West Side Liquors,870 West Side Avenue,Jersey City,Hudson,Hudson,1.00,40.00
Michael Harboy,150202,Brinks Wine & Liquors,39 Harrison Ave,West Orange,Essex,Essex,1.00,40.00
Hakan Sadik,152030,Austin Liquor,324a Mt.Prospect Ave,Newark,Essex,Essex,1.00,39.00
Alisa Acciardi,171341,Irv's Wines & Liquors(P),1099 Avenue C,Bayonne,Hudson,Hudson,1.00,38.00
Alisa Acciardi,150176,Lou's Corner,168 Van Buren St,Newark,Essex,Essex,1.00,38.00
Dylan Rubino,170182,Binnys Liquors (1062 Jersey City),1062 Westside Avenue,Jersey City,Hudson,Hudson,1.00,36.00
Alex Rodriguez,250156,Alman Liquors,111 East 2nd Ave,Roselle,Union,Union,1.00,34.00
Hakan Sadik,150188,Gigantes Liquor,605 Broadway,Newark,Essex,Essex,1.00,34.00
Andrew Lundy,250035,Wine Zone (P),1601 W. Edgar Rd,Linden,Union,Union,1.00,32.00
Alisa Acciardi,171331,New Bergen Liquors (P),230 Kearny Ave,Kearny,Hudson,Hudson,1.00,32.00
Dylan Rubino,170089,New Orient Liquor,663 Ocean Avenue,Jersey City,Hudson,Hudson,1.00,31.00
Jaime Colonna,17029,Wine Dad's - Summit Ave Jersey City,425 Summit Ave,Jersey City,Hudson,Hudson,1.00,29.00
Jaime Colonna,170007,Augie's Wine & Liq (P),419 Adams Street,Hoboken,Hudson,Hudson,1.00,28.00
Hakan Sadik,150650,Lum's Cellars,1718 Springfield Ave,Maplewood,Essex,Essex,1.00,27.00
Michael Harboy,150058,Fairchilds Market Place,171 Eagle Rock Ave,Roseland,Essex,Essex,1.00,25.00
Dylan Rubino,170917,Regal Secaucus ShowPlace14,650 Plaza Dr,Secaucus,Hudson,Hudson,1.00,24.00
Alisa Acciardi,150026,FERRY WINE & LIQUOR STOP,178 Ferry St,Newark,Essex,Essex,1.00,23.00
Alisa Acciardi,171319,John's Liq & Deli,83 Devon St,Kearny,Hudson,Hudson,1.00,23.00
Alisa Acciardi,150090,Olshins Pharmacy,114 Congress St,Newark,Essex,Essex,1.00,20.00
Jaime Colonna,173061,City Line Liquors (Hoboken),211 Washington St.,Hoboken,Hudson,Hudson,1.00,20.00
Alisa Acciardi,171410,Times Square Liq,891 Broadway,Bayonne,Hudson,Hudson,1.00,20.00
Alisa Acciardi,150171,21 Plaza Wine & Liquor,1411 Mccarter Hwy,Newark,Essex,Essex,1.00,20.00
Alisa Acciardi,150175,Primavera Liquor,49 Pacific St,Newark,Essex,Essex,1.00,19.00
Dylan Rubino,172048,Cragie On Park,5102 Park Avenue,West New York,Hudson,Hudson,1.00,17.00
Andrew Lundy,250139,Providence Liquors,598 Central Ave,New Providence,Union,Union,1.00,16.00
Dylan Rubino,170262,Blarney Pub,1135 Summit Ave,Jersey City,Hudson,Hudson,1.00,16.00
Hakan Sadik,150061,Heller & Heller (East Orange),39 4th Ave,East Orange,Essex,Essex,1.00,14.00
Dylan Rubino,170093,Riverview Wine & Spirits,43 Bowers St,Jersey City,Hudson,Hudson,1.00,14.00
Alisa Acciardi,150073,Oasis Liquor & Deli,521 Ferry St,Newark,Essex,Essex,1.00,14.00
Dylan Rubino,170105,Mars Deli & Liquor,152 Chestnut Avenue,Jersey City,Hudson,Hudson,1.00,13.00
Dylan Rubino,170400,Yugs Liquors,113 Mallory Ave,Jersey City,Hudson,Hudson,1.00,10.00
Alisa Acciardi,170206,Lito's Liquor (P),220 Harrison Ave,Harrison,Hudson,Hudson,1.00,10.00
Alisa Acciardi,171306,Mira Sol,32 Davis Avenue,Kearny,Hudson,Hudson,1.00,10.00
Michael Harboy,150271,Cedar Hill Golf/Cc,100 Walnut St,Livingston,Essex,Essex,1.00,9.00
Hakan Sadik,150606,Skyline Liquors,735 Martin L.King Blvd,Newark,Essex,Essex,1.00,6.00
