Sales Rep Name,Brand Family,Package,Customer Num Company,New Buyers,Current Units
Nick Melissari,Pacifico,15.5 Gal Keg,96010 Aldo's Italian Rest(Z),12,423
Nick Melissari,Modelo Especial,15.5 Gal Keg,94012 Holiday Bowl,6,220
Nick Melissari,Modelo Especial,15.5 Gal Keg,31056 H Mart Inc (Space A103),1,3
Nick Melissari,Modelo Especial,15.5 Gal Keg,34002 Heights Bar (P),1,3
Nick Melissari,Modelo Especial,15.5 Gal Keg,37019 BJ Polonia,1,1
Nick Melissari,Modelo Especial,15.5 Gal Keg,45019 Twobox Chicken Ridgefield,1,1
Nick Melissari,Modelo Especial,15.5 Gal Keg,49063 COV,1,4
Nick Melissari,Modelo Especial,15.5 Gal Keg,80042 Olive Garden Paramus,1,3
Nick Melissari,Modelo Especial,15.5 Gal Keg,19006 Blackjack Mulligans (Hawthorne),0,8
Nick Melissari,Modelo Especial,15.5 Gal Keg,28008 Tavern On Ridge,0,4
Nick Melissari,Modelo Especial,15.5 Gal Keg,30026 Simulcast,0,5
Nick Melissari,Modelo Especial,15.5 Gal Keg,31006 The Roosevelt,0,1
Nick Melissari,Modelo Especial,15.5 Gal Keg,31020 Chili's B & G E Rutherfor,0,10
Nick Melissari,Modelo Especial,15.5 Gal Keg,31026 Rockafella's,0,3
Nick Melissari,Modelo Especial,15.5 Gal Keg,31039 Yard House 8390,0,18
Nick Melissari,Modelo Especial,15.5 Gal Keg,31043 House of Que (East Rutherford),0,12
Nick Melissari,Modelo Especial,15.5 Gal Keg,31055 The Game Room,0,3
Nick Melissari,Modelo Especial,15.5 Gal Keg,32005 Biggies (A),0,4
Nick Melissari,Modelo Especial,15.5 Gal Keg,32010 Segovia Meson,0,1
Nick Melissari,Modelo Especial,15.5 Gal Keg,32023 Redd's Rest (Z),0,20
Nick Melissari,Modelo Especial,15.5 Gal Keg,36014 Viva Margarita Wallington,0,3
Nick Melissari,Modelo Especial,15.5 Gal Keg,37034 Blackjack Mulligans(P) (Garfield),0,1
Nick Melissari,Modelo Especial,15.5 Gal Keg,38020 Lodi Lanes (A),0,0
Nick Melissari,Modelo Especial,15.5 Gal Keg,38025 Rebar (Z),0,0
Nick Melissari,Modelo Especial,15.5 Gal Keg,38039 Hilltop Tav.(Z),0,2
Nick Melissari,Modelo Especial,15.5 Gal Keg,39017 Bj's Rest & Brewhouse(A),0,6
Nick Melissari,Modelo Especial,15.5 Gal Keg,39018 Texas Roadhouse,0,12
Nick Melissari,Modelo Especial,15.5 Gal Keg,41013 Viva Margarita Hackensack,0,8
Nick Melissari,Modelo Especial,15.5 Gal Keg,41016 Cheesecake Fact (A)Hacken,0,5
Nick Melissari,Modelo Especial,15.5 Gal Keg,41026 Amc- Shops @ Riverside P,0,7
Nick Melissari,Modelo Especial,15.5 Gal Keg,41033 Applebee's (A) Hackensack,0,0
Nick Melissari,Modelo Especial,15.5 Gal Keg,49013 Cuba 57,0,1
Nick Melissari,Modelo Especial,15.5 Gal Keg,49085 Tommy's Tavern + Tap (Edgewater),0,15
Nick Melissari,Modelo Especial,15.5 Gal Keg,77003 Blue 42 Restaurant & Bar,0,13
Nick Melissari,Modelo Especial,15.5 Gal Keg,77031 Parkway Lanes,0,0
Nick Melissari,Modelo Especial,15.5 Gal Keg,78017 El Asadero Mexican Grill (Rochelle Park),0,9
Nick Melissari,Modelo Especial,15.5 Gal Keg,80007 The Orange Lantern,0,4
Nick Melissari,Modelo Especial,15.5 Gal Keg,80009 Houlihans (Para)(A),0,3
Nick Melissari,Modelo Especial,15.5 Gal Keg,80012 California Pizza Paramus,0,4
Nick Melissari,Modelo Especial,15.5 Gal Keg,80018 Millers Paramus Ale House,0,11
Nick Melissari,Modelo Especial,15.5 Gal Keg,88003 W's Village Grille,0,4
Nick Melissari,Modelo Especial,15.5 Gal Keg,92010 Houlihan's Ramsey,0,2
Nick Melissari,Modelo Especial,15.5 Gal Keg,93005 Mason Jar Restaurant,0,6
Nick Melissari,Modelo Especial,15.5 Gal Keg,94012 Holiday Bowl,0,0
Nick Melissari,Modelo Especial,1/4 BBL Keg (7.75 Gal),96010 Aldo's Italian Rest(Z),2,123
Nick Melissari,Modelo Especial,1/4 BBL Keg (7.75 Gal),38025 Rebar (Z),1,1
Nick Melissari,Modelo Especial,1/4 BBL Keg (7.75 Gal),78014 Longhorn Steak Rochele Pk,1,3
Nick Melissari,Modelo Especial,1/4 BBL Keg (7.75 Gal),29036 Mr.Bruno's,0,2
Nick Melissari,Modelo Especial,1/4 BBL Keg (7.75 Gal),31027 New Park Tav (A),0,-1
Nick Melissari,Modelo Especial,1/4 BBL Keg (7.75 Gal),31045 Dream Bar,0,0
Nick Melissari,Modelo Especial,1/4 BBL Keg (7.75 Gal),32015 Cjd 2l Corp(Sofive),0,38
Nick Melissari,Modelo Especial,1/4 BBL Keg (7.75 Gal),37019 BJ Polonia,0,6
Nick Melissari,Modelo Especial,1/4 BBL Keg (7.75 Gal),49022 El asadero Mexican Grill (Fort Lee),0,9
Nick Melissari,Modelo Especial,1/4 BBL Keg (7.75 Gal),77003 Blue 42 Restaurant & Bar,0,3
Nick Melissari,Modelo Especial,1/4 BBL Keg (7.75 Gal),78017 El Asadero Mexican Grill (Rochelle Park),0,0
Nick Melissari,Modelo Especial,1/4 BBL Keg (7.75 Gal),80040 Biagio's,0,-1
Nick Melissari,Modelo Especial,1/4 BBL Keg (7.75 Gal),80042 Olive Garden Paramus,0,2
Nick Melissari,Modelo Especial,1/4 BBL Keg (7.75 Gal),80054 Chili's Paramus,0,19
Nick Melissari,Modelo Especial,1/4 BBL Keg (7.75 Gal),80057 On The Border Paramus,0,0
Nick Melissari,Modelo Especial,1/4 BBL Keg (7.75 Gal),85003 Arturo's Restaurnt,0,1
Nick Melissari,Modelo Especial,1/4 BBL Keg (7.75 Gal),89002 Allendale Bar & Grill,0,-1
Nick Melissari,Modelo Especial,1/4 BBL Keg (7.75 Gal),92002 Anthony's CF Pizza (A) (Ramsey),0,0
Nick Melissari,Modelo Especial,1/4 BBL Keg (7.75 Gal),92006 Chili's Ramsey (A),0,14
Nick Melissari,Modelo Especial,1/4 BBL Keg (7.75 Gal),96006 Blue Moon Mexican Cafe,0,25
Nick Melissari,Modelo Especial,1/4 BBL Keg (7.75 Gal),96010 Aldo's Italian Rest(Z),0,3
Nick Melissari,Pacifico,15.5 Gal Keg,93005 Mason Jar Restaurant,2,24
Nick Melissari,Pacifico,15.5 Gal Keg,36014 Viva Margarita Wallington,1,2
Nick Melissari,Pacifico,15.5 Gal Keg,78017 El Asadero Mexican Grill (Rochelle Park),1,1
Nick Melissari,Pacifico,15.5 Gal Keg,31039 Yard House 8390,0,7
Nick Melissari,Pacifico,15.5 Gal Keg,31056 H Mart Inc (Space A103),0,3
Nick Melissari,Pacifico,15.5 Gal Keg,41013 Viva Margarita Hackensack,0,4
Nick Melissari,Pacifico,15.5 Gal Keg,49085 Tommy's Tavern + Tap (Edgewater),0,3
Nick Melissari,Pacifico,15.5 Gal Keg,80018 Millers Paramus Ale House,0,4
Nick Melissari,Pacifico,15.5 Gal Keg,93005 Mason Jar Restaurant,0,0
Nick Melissari,Corona Light,15.5 Gal Keg,88007 Charlie's Place,1,5
Nick Melissari,Corona Light,15.5 Gal Keg,88007 Charlie's Place,1,1
Nick Melissari,Corona Light,15.5 Gal Keg,31039 Yard House 8390,0,4
Nick Melissari,Corona Light,15.5 Gal Keg,38020 Lodi Lanes (A),0,0
Nick Melissari,Corona Light,15.5 Gal Keg,88002 Nellie's Place (P),0,0
Nick Melissari,Modelo Negra,15.5 Gal Keg,78017 El Asadero Mexican Grill (Rochelle Park),1,7
Nick Melissari,Modelo Negra,15.5 Gal Keg,31056 H Mart Inc (Space A103),1,2
Nick Melissari,Modelo Negra,15.5 Gal Keg,78017 El Asadero Mexican Grill (Rochelle Park),0,5
Nick Melissari,Pacifico,1/4 BBL Keg (7.75 Gal),93008 Nonna's Pizza,1,12
Nick Melissari,Pacifico,1/4 BBL Keg (7.75 Gal),41013 Viva Margarita Hackensack,1,1
Nick Melissari,Pacifico,1/4 BBL Keg (7.75 Gal),19006 Blackjack Mulligans (Hawthorne),0,0
Nick Melissari,Pacifico,1/4 BBL Keg (7.75 Gal),32015 Cjd 2l Corp(Sofive),0,7
Nick Melissari,Pacifico,1/4 BBL Keg (7.75 Gal),36014 Viva Margarita Wallington,0,1
Nick Melissari,Pacifico,1/4 BBL Keg (7.75 Gal),37034 Blackjack Mulligans(P) (Garfield),0,0
Nick Melissari,Pacifico,1/4 BBL Keg (7.75 Gal),77003 Blue 42 Restaurant & Bar,0,0
Nick Melissari,Pacifico,1/4 BBL Keg (7.75 Gal),93008 Nonna's Pizza,0,3
Nick Melissari,Corona Light,1/4 BBL Keg (7.75 Gal),96006 Blue Moon Mexican Cafe,0,2
Nick Melissari,Corona Light,1/4 BBL Keg (7.75 Gal),19006 Blackjack Mulligans (Hawthorne),0,0
Nick Melissari,Corona Light,1/4 BBL Keg (7.75 Gal),36014 Viva Margarita Wallington,0,0
Nick Melissari,Corona Light,1/4 BBL Keg (7.75 Gal),37019 BJ Polonia,0,2
Nick Melissari,Corona Light,1/4 BBL Keg (7.75 Gal),37034 Blackjack Mulligans(P) (Garfield),0,0
Nick Melissari,Corona Light,1/4 BBL Keg (7.75 Gal),41013 Viva Margarita Hackensack,0,0
Nick Melissari,Corona Light,1/4 BBL Keg (7.75 Gal),77003 Blue 42 Restaurant & Bar,0,0
Nick Melissari,Corona Light,1/4 BBL Keg (7.75 Gal),80007 The Orange Lantern,0,0
Nick Melissari,Corona Light,1/4 BBL Keg (7.75 Gal),94006 Harvest and Ale,0,0
Nick Melissari,Corona Light,1/4 BBL Keg (7.75 Gal),96006 Blue Moon Mexican Cafe,0,0
Nick Melissari,Corona Premier,1/4 BBL Keg (7.75 Gal),78017 El Asadero Mexican Grill (Rochelle Park),0,8
Nick Melissari,Corona Premier,1/4 BBL Keg (7.75 Gal),19006 Blackjack Mulligans (Hawthorne),0,0
Nick Melissari,Corona Premier,1/4 BBL Keg (7.75 Gal),29014 Bar 503,0,2
Nick Melissari,Corona Premier,1/4 BBL Keg (7.75 Gal),31026 Rockafella's,0,1
Nick Melissari,Corona Premier,1/4 BBL Keg (7.75 Gal),49022 El asadero Mexican Grill (Fort Lee),0,5
Nick Melissari,Corona Premier,1/4 BBL Keg (7.75 Gal),78017 El Asadero Mexican Grill (Rochelle Park),0,0
Nick Melissari,Corona Premier,15.5 Gal Keg,88007 Charlie's Place,0,19
Nick Melissari,Corona Premier,15.5 Gal Keg,31039 Yard House 8390,0,11
Nick Melissari,Corona Premier,15.5 Gal Keg,78017 El Asadero Mexican Grill (Rochelle Park),0,4
Nick Melissari,Corona Premier,15.5 Gal Keg,80018 Millers Paramus Ale House,0,3
Nick Melissari,Corona Premier,15.5 Gal Keg,88007 Charlie's Place,0,1
Nick Melissari,Modelo Negra,1/4 BBL Keg (7.75 Gal),78017 El Asadero Mexican Grill (Rochelle Park),0,3
Nick Melissari,Modelo Negra,1/4 BBL Keg (7.75 Gal),37034 Blackjack Mulligans(P) (Garfield),0,0
Nick Melissari,Modelo Negra,1/4 BBL Keg (7.75 Gal),49022 El asadero Mexican Grill (Fort Lee),0,3
Nick Melissari,Modelo Negra,1/4 BBL Keg (7.75 Gal),78017 El Asadero Mexican Grill (Rochelle Park),0,0
Allison Scott,Pacifico,15.5 Gal Keg,8015 Thatcher Mc Ghees (A),10,327
Allison Scott,Modelo Especial,15.5 Gal Keg,8015 Thatcher Mc Ghees (A),5,219
Allison Scott,Modelo Especial,15.5 Gal Keg,12056 PF Changs China Bistro (Wayne),1,1
Allison Scott,Modelo Especial,15.5 Gal Keg,13018 Chili's Little Falls,1,6
Allison Scott,Modelo Especial,15.5 Gal Keg,17003 D'CARBON BAR AND GRILL haledon,1,1
Allison Scott,Modelo Especial,15.5 Gal Keg,24038 J. Alexander's Restaurant,1,1
Allison Scott,Modelo Especial,15.5 Gal Keg,3002 The Celtic Knot,1,3
Allison Scott,Modelo Especial,15.5 Gal Keg,1005 Grasshopper Irish Pub (A),0,2
Allison Scott,Modelo Especial,15.5 Gal Keg,11007 Meadows Golf Club(P),0,2
Allison Scott,Modelo Especial,15.5 Gal Keg,11011 Sunset Pub & Grill(Z),0,0
Allison Scott,Modelo Especial,15.5 Gal Keg,12001 T Bowl Tavern (Z),0,6
Allison Scott,Modelo Especial,15.5 Gal Keg,12014 Olive Garden (A) Wayne,0,3
Allison Scott,Modelo Especial,15.5 Gal Keg,12020 Lakeside Drive Tavern,0,3
Allison Scott,Modelo Especial,15.5 Gal Keg,12022 Grasshopper Too (A),0,10
Allison Scott,Modelo Especial,15.5 Gal Keg,"12034 Dave & Buster's Nj, Inc",0,10
Allison Scott,Modelo Especial,15.5 Gal Keg,12036 Brokedown Palace,0,1
Allison Scott,Modelo Especial,15.5 Gal Keg,12037 Maggies Town Tavern Ii,0,0
Allison Scott,Modelo Especial,15.5 Gal Keg,12038 Tommy's Tavern + Tap (Wayne),0,8
Allison Scott,Modelo Especial,15.5 Gal Keg,12054 Red Lobster 225 Wayne,0,2
Allison Scott,Modelo Especial,15.5 Gal Keg,12057 YARD HOUSE 8384,0,10
Allison Scott,Modelo Especial,15.5 Gal Keg,12064 In The Drink@Passaic Gc,0,4
Allison Scott,Modelo Especial,15.5 Gal Keg,"12065 Buffalo Wild Wings - Wayne, NJ",0,3
Allison Scott,Modelo Especial,15.5 Gal Keg,13002 The Little Falls Tavern,0,2
Allison Scott,Modelo Especial,15.5 Gal Keg,13016 THE TIES,0,0
Allison Scott,Modelo Especial,15.5 Gal Keg,14002 Applebee's (Totowa) (A),0,1
Allison Scott,Modelo Especial,15.5 Gal Keg,14003 Murph's Bar & Liquor,0,2
Allison Scott,Modelo Especial,15.5 Gal Keg,14004 Sushi Lounge,0,2
Allison Scott,Modelo Especial,15.5 Gal Keg,15004 Blackjack Mulligan's Public House,0,6
Allison Scott,Modelo Especial,15.5 Gal Keg,15006 Great Notch Inn(Z),0,2
Allison Scott,Modelo Especial,15.5 Gal Keg,15070 Brownstone House,0,5
Allison Scott,Modelo Especial,15.5 Gal Keg,15074 Bask 46,0,7
Allison Scott,Modelo Especial,15.5 Gal Keg,17006 The Yard,0,13
Allison Scott,Modelo Especial,15.5 Gal Keg,17009 Jimmy Geez (P),0,10
Allison Scott,Modelo Especial,15.5 Gal Keg,19004 Shortways' Barn (A),0,4
Allison Scott,Modelo Especial,15.5 Gal Keg,19005 Celtic Corner,0,3
Allison Scott,Modelo Especial,15.5 Gal Keg,19012 Bottagra Rest (P),0,0
Allison Scott,Modelo Especial,15.5 Gal Keg,22016 Johnny A's (P) Hitchn Pos,0,10
Allison Scott,Modelo Especial,15.5 Gal Keg,23013 Vfw 7165 (P),0,3
Allison Scott,Modelo Especial,15.5 Gal Keg,24006 The Grand Saloon,0,1
Allison Scott,Modelo Especial,15.5 Gal Keg,24022 Applebee's Clifton,0,6
Allison Scott,Modelo Especial,15.5 Gal Keg,24026 Rock Bar,0,12
Allison Scott,Modelo Especial,15.5 Gal Keg,24031 Tommy's Tavern & Tap (Clifton),0,14
Allison Scott,Modelo Especial,15.5 Gal Keg,24048 Dante's,0,4
Allison Scott,Modelo Especial,15.5 Gal Keg,24061 Breaker Billiards,0,6
Allison Scott,Modelo Especial,15.5 Gal Keg,25052 Uno Chicago Grl (A)Clifto,0,0
Allison Scott,Modelo Especial,15.5 Gal Keg,25077 Chevy's Fresh Mex (A)Clif,0,9
Allison Scott,Modelo Especial,15.5 Gal Keg,5008 Celtic Crossings,0,6
Allison Scott,Modelo Especial,15.5 Gal Keg,7003 Blu Ale House,0,5
Allison Scott,Modelo Especial,15.5 Gal Keg,7005 Chili's (Riverdale),0,7
Allison Scott,Modelo Especial,15.5 Gal Keg,8014 Macks American Bar/Grill,0,3
Allison Scott,Modelo Especial,15.5 Gal Keg,8015 Thatcher Mc Ghees (A),0,0
Allison Scott,Corona Light,15.5 Gal Keg,8015 Thatcher Mc Ghees (A),4,10
Allison Scott,Corona Light,15.5 Gal Keg,11011 Sunset Pub & Grill(Z),1,1
Allison Scott,Corona Light,15.5 Gal Keg,12036 Brokedown Palace,1,1
Allison Scott,Corona Light,15.5 Gal Keg,25077 Chevy's Fresh Mex (A)Clif,1,5
Allison Scott,Corona Light,15.5 Gal Keg,7003 Blu Ale House,1,3
Allison Scott,Corona Light,15.5 Gal Keg,8015 Thatcher Mc Ghees (A),0,0
Allison Scott,Modelo Especial,1/4 BBL Keg (7.75 Gal),58005 Feathers (A),1,53
Allison Scott,Modelo Especial,1/4 BBL Keg (7.75 Gal),14002 Applebee's (Totowa) (A),1,2
Allison Scott,Modelo Especial,1/4 BBL Keg (7.75 Gal),10001 cherry's,0,0
Allison Scott,Modelo Especial,1/4 BBL Keg (7.75 Gal),12040 NYX,0,-1
Allison Scott,Modelo Especial,1/4 BBL Keg (7.75 Gal),12048 Anthonys CF Pizza (Wayne),0,1
Allison Scott,Modelo Especial,1/4 BBL Keg (7.75 Gal),12056 PF Changs China Bistro (Wayne),0,2
Allison Scott,Modelo Especial,1/4 BBL Keg (7.75 Gal),13003 Maggie's Town Tav.(P),0,1
Allison Scott,Modelo Especial,1/4 BBL Keg (7.75 Gal),13015 Rare The Steakhouse (Z),0,0
Allison Scott,Modelo Especial,1/4 BBL Keg (7.75 Gal),13018 Chili's Little Falls,0,5
Allison Scott,Modelo Especial,1/4 BBL Keg (7.75 Gal),15074 Bask 46,0,0
Allison Scott,Modelo Especial,1/4 BBL Keg (7.75 Gal),17001 Underdog Lounge(P),0,3
Allison Scott,Modelo Especial,1/4 BBL Keg (7.75 Gal),19002 Puzo's Pizza,0,-1
Allison Scott,Modelo Especial,1/4 BBL Keg (7.75 Gal),19011 Las Maravillas Restaurant,0,7
Allison Scott,Modelo Especial,1/4 BBL Keg (7.75 Gal),21043 Duffy's Tavern (Z),0,3
Allison Scott,Modelo Especial,1/4 BBL Keg (7.75 Gal),22004 Neighbors,0,-1
Allison Scott,Modelo Especial,1/4 BBL Keg (7.75 Gal),24019 Sharky's Wings(P),0,16
Allison Scott,Modelo Especial,1/4 BBL Keg (7.75 Gal),24054 Upper Montclair Cc (A),0,0
Allison Scott,Modelo Especial,1/4 BBL Keg (7.75 Gal),25052 Uno Chicago Grl (A)Clifto,0,2
Allison Scott,Modelo Especial,1/4 BBL Keg (7.75 Gal),5003 Applebee's (A)Butler,0,3
Allison Scott,Modelo Especial,1/4 BBL Keg (7.75 Gal),58005 Feathers (A),0,11
Allison Scott,Corona Light,1/4 BBL Keg (7.75 Gal),7003 Blu Ale House,0,2
Allison Scott,Corona Light,1/4 BBL Keg (7.75 Gal),1005 Grasshopper Irish Pub (A),0,0
Allison Scott,Corona Light,1/4 BBL Keg (7.75 Gal),12022 Grasshopper Too (A),0,0
Allison Scott,Corona Light,1/4 BBL Keg (7.75 Gal),13002 The Little Falls Tavern,0,0
Allison Scott,Corona Light,1/4 BBL Keg (7.75 Gal),15004 Blackjack Mulligan's Public House,0,1
Allison Scott,Corona Light,1/4 BBL Keg (7.75 Gal),15074 Bask 46,0,0
Allison Scott,Corona Light,1/4 BBL Keg (7.75 Gal),17006 The Yard,0,0
Allison Scott,Corona Light,1/4 BBL Keg (7.75 Gal),24019 Sharky's Wings(P),0,0
Allison Scott,Corona Light,1/4 BBL Keg (7.75 Gal),3002 The Celtic Knot,0,0
Allison Scott,Corona Light,1/4 BBL Keg (7.75 Gal),7003 Blu Ale House,0,1
Allison Scott,Corona Premier,1/4 BBL Keg (7.75 Gal),7003 Blu Ale House,0,8
Allison Scott,Corona Premier,1/4 BBL Keg (7.75 Gal),12057 YARD HOUSE 8384,0,6
Allison Scott,Corona Premier,1/4 BBL Keg (7.75 Gal),19004 Shortways' Barn (A),0,0
Allison Scott,Corona Premier,1/4 BBL Keg (7.75 Gal),7003 Blu Ale House,0,2
Allison Scott,Corona Premier,15.5 Gal Keg,25077 Chevy's Fresh Mex (A)Clif,0,6
Allison Scott,Corona Premier,15.5 Gal Keg,12057 YARD HOUSE 8384,0,7
Allison Scott,Corona Premier,15.5 Gal Keg,25077 Chevy's Fresh Mex (A)Clif,0,-1
Allison Scott,Modelo Negra,1/4 BBL Keg (7.75 Gal),19011 Las Maravillas Restaurant,0,4
Allison Scott,Modelo Negra,1/4 BBL Keg (7.75 Gal),12026 WAYNE ALE HOUSE & PIZZA,0,1
Allison Scott,Modelo Negra,1/4 BBL Keg (7.75 Gal),13002 The Little Falls Tavern,0,1
Allison Scott,Modelo Negra,1/4 BBL Keg (7.75 Gal),15004 Blackjack Mulligan's Public House,0,0
Allison Scott,Modelo Negra,1/4 BBL Keg (7.75 Gal),19011 Las Maravillas Restaurant,0,2
Allison Scott,Modelo Negra,15.5 Gal Keg,13002 The Little Falls Tavern,0,1
Allison Scott,Modelo Negra,15.5 Gal Keg,13002 The Little Falls Tavern,0,1
Allison Scott,Pacifico,1/4 BBL Keg (7.75 Gal),24026 Rock Bar,0,19
Allison Scott,Pacifico,1/4 BBL Keg (7.75 Gal),10001 cherry's,0,2
Allison Scott,Pacifico,1/4 BBL Keg (7.75 Gal),"12065 Buffalo Wild Wings - Wayne, NJ",0,2
Allison Scott,Pacifico,1/4 BBL Keg (7.75 Gal),15074 Bask 46,0,0
Allison Scott,Pacifico,1/4 BBL Keg (7.75 Gal),24026 Rock Bar,0,15
Allison Scott,Pacifico,15.5 Gal Keg,24031 Tommy's Tavern & Tap (Clifton),0,5
Allison Scott,Pacifico,15.5 Gal Keg,11011 Sunset Pub & Grill(Z),0,0
Allison Scott,Pacifico,15.5 Gal Keg,12036 Brokedown Palace,0,0
Allison Scott,Pacifico,15.5 Gal Keg,12057 YARD HOUSE 8384,0,3
Allison Scott,Pacifico,15.5 Gal Keg,24031 Tommy's Tavern & Tap (Clifton),0,2
Paul Mclaughlin,Pacifico,15.5 Gal Keg,86002 Doghouse Saloon (Z),9,239
Paul Mclaughlin,Modelo Especial,1/4 BBL Keg (7.75 Gal),86002 Doghouse Saloon (Z),3,48
Paul Mclaughlin,Modelo Especial,1/4 BBL Keg (7.75 Gal),60002 QB's Bar and Grill,1,1
Paul Mclaughlin,Modelo Especial,1/4 BBL Keg (7.75 Gal),69003 Edgewood Country Club,1,1
Paul Mclaughlin,Modelo Especial,1/4 BBL Keg (7.75 Gal),75001 Emerson Hotel,1,1
Paul Mclaughlin,Modelo Especial,1/4 BBL Keg (7.75 Gal),39006 Fat Bastard & Sons,0,0
Paul Mclaughlin,Modelo Especial,1/4 BBL Keg (7.75 Gal),39007 Club Flamingo (A),0,-1
Paul Mclaughlin,Modelo Especial,1/4 BBL Keg (7.75 Gal),39010 Players Club (Z),0,-1
Paul Mclaughlin,Modelo Especial,1/4 BBL Keg (7.75 Gal),40008 Tavern 61 (Z),0,7
Paul Mclaughlin,Modelo Especial,1/4 BBL Keg (7.75 Gal),40026 Brooklyn's (A),0,-1
Paul Mclaughlin,Modelo Especial,1/4 BBL Keg (7.75 Gal),41010 Lenoras Bar (P),0,0
Paul Mclaughlin,Modelo Especial,1/4 BBL Keg (7.75 Gal),50001 Andy's Corner (Z),0,1
Paul Mclaughlin,Modelo Especial,1/4 BBL Keg (7.75 Gal),50006 Cozy Tavern (P),0,2
Paul Mclaughlin,Modelo Especial,1/4 BBL Keg (7.75 Gal),54012 Axia Taverna,0,-1
Paul Mclaughlin,Modelo Especial,1/4 BBL Keg (7.75 Gal),56004 Jack E Pooh's,0,-1
Paul Mclaughlin,Modelo Especial,1/4 BBL Keg (7.75 Gal),56016 Chapala Grill - Bergenfield,0,9
Paul Mclaughlin,Modelo Especial,1/4 BBL Keg (7.75 Gal),57009 Pancho Burrito's (A),0,6
Paul Mclaughlin,Modelo Especial,1/4 BBL Keg (7.75 Gal),61003 White Beeches Golf Club,0,1
Paul Mclaughlin,Modelo Especial,1/4 BBL Keg (7.75 Gal),61004 Andiamo,0,-1
Paul Mclaughlin,Modelo Especial,1/4 BBL Keg (7.75 Gal),67014 The Rockleigh C C (P),0,2
Paul Mclaughlin,Modelo Especial,1/4 BBL Keg (7.75 Gal),69007 Florentine Garden,0,7
Paul Mclaughlin,Modelo Especial,1/4 BBL Keg (7.75 Gal),69009 Rivervale Country Club,0,11
Paul Mclaughlin,Modelo Especial,1/4 BBL Keg (7.75 Gal),81029 Cosmo Club (Z),0,1
Paul Mclaughlin,Modelo Especial,1/4 BBL Keg (7.75 Gal),85001 Eleven Central,0,0
Paul Mclaughlin,Modelo Especial,1/4 BBL Keg (7.75 Gal),86002 Doghouse Saloon (Z),0,4
Paul Mclaughlin,Corona Light,15.5 Gal Keg,85001 Eleven Central,2,2
Paul Mclaughlin,Corona Light,15.5 Gal Keg,41020 Lidos Restaurant (P),1,1
Paul Mclaughlin,Corona Light,15.5 Gal Keg,85001 Eleven Central,1,1
Paul Mclaughlin,Modelo Negra,15.5 Gal Keg,74001 Lolitas Mexican Cantina,2,2
Paul Mclaughlin,Modelo Negra,15.5 Gal Keg,56016 Chapala Grill - Bergenfield,1,1
Paul Mclaughlin,Modelo Negra,15.5 Gal Keg,74001 Lolitas Mexican Cantina,1,1
Paul Mclaughlin,Corona Premier,15.5 Gal Keg,41027 Cubby's (P),1,1
Paul Mclaughlin,Corona Premier,15.5 Gal Keg,41027 Cubby's (P),1,1
Paul Mclaughlin,Modelo Especial,15.5 Gal Keg,81003 Fair Lawn Lanes (P),1,157
Paul Mclaughlin,Modelo Especial,15.5 Gal Keg,40038 Forte Ristorante,1,1
Paul Mclaughlin,Modelo Especial,15.5 Gal Keg,29051 Medieval Times,0,64
Paul Mclaughlin,Modelo Especial,15.5 Gal Keg,36015 Wallington Lane (Bowlero),0,8
Paul Mclaughlin,Modelo Especial,15.5 Gal Keg,40005 Lazy Lanigans (A),0,4
Paul Mclaughlin,Modelo Especial,15.5 Gal Keg,41006 Straphanger Saloon (A),0,5
Paul Mclaughlin,Modelo Especial,15.5 Gal Keg,41023 The Whiskey Priest (Hackensack),0,8
Paul Mclaughlin,Modelo Especial,15.5 Gal Keg,41027 Cubby's (P),0,1
Paul Mclaughlin,Modelo Especial,15.5 Gal Keg,50008 101 Pub (A),0,6
Paul Mclaughlin,Modelo Especial,15.5 Gal Keg,50015 PUB 178,0,3
Paul Mclaughlin,Modelo Especial,15.5 Gal Keg,50029 La Tequilera Restaurant,0,3
Paul Mclaughlin,Modelo Especial,15.5 Gal Keg,52009 CAJUN SEAFOOD AND BAR,0,2
Paul Mclaughlin,Modelo Especial,15.5 Gal Keg,52033 Blue Akai,0,8
Paul Mclaughlin,Modelo Especial,15.5 Gal Keg,60002 QB's Bar and Grill,0,3
Paul Mclaughlin,Modelo Especial,15.5 Gal Keg,65006 Gerry's Place,0,3
Paul Mclaughlin,Modelo Especial,15.5 Gal Keg,67002 Brady's Fox Hunt Inn,0,2
Paul Mclaughlin,Modelo Especial,15.5 Gal Keg,68011 Old Tappan Golf Course,0,2
Paul Mclaughlin,Modelo Especial,15.5 Gal Keg,70004 Davey's Locker (A),0,7
Paul Mclaughlin,Modelo Especial,15.5 Gal Keg,70008 Hearth & Tap Co.,0,2
Paul Mclaughlin,Modelo Especial,15.5 Gal Keg,71004 Four Leaves,0,1
Paul Mclaughlin,Modelo Especial,15.5 Gal Keg,71011 Marriott (P) Park Ridge,0,0
Paul Mclaughlin,Modelo Especial,15.5 Gal Keg,73001 Lou's,0,4
Paul Mclaughlin,Modelo Especial,15.5 Gal Keg,73002 The Cornerstone (P),0,6
Paul Mclaughlin,Modelo Especial,15.5 Gal Keg,74001 Lolitas Mexican Cantina,0,4
Paul Mclaughlin,Modelo Especial,15.5 Gal Keg,74012 Iron Horse,0,0
Paul Mclaughlin,Modelo Especial,15.5 Gal Keg,76005 Midland Brewhouse (A),0,4
Paul Mclaughlin,Modelo Especial,15.5 Gal Keg,81003 Fair Lawn Lanes (P),0,6
Paul Mclaughlin,Corona Light,1/4 BBL Keg (7.75 Gal),85001 Eleven Central,0,-3
Paul Mclaughlin,Corona Light,1/4 BBL Keg (7.75 Gal),39010 Players Club (Z),0,-1
Paul Mclaughlin,Corona Light,1/4 BBL Keg (7.75 Gal),40026 Brooklyn's (A),0,-1
Paul Mclaughlin,Corona Light,1/4 BBL Keg (7.75 Gal),52033 Blue Akai,0,0
Paul Mclaughlin,Corona Light,1/4 BBL Keg (7.75 Gal),57009 Pancho Burrito's (A),0,0
Paul Mclaughlin,Corona Light,1/4 BBL Keg (7.75 Gal),60002 QB's Bar and Grill,0,-1
Paul Mclaughlin,Corona Light,1/4 BBL Keg (7.75 Gal),73001 Lou's,0,0
Paul Mclaughlin,Corona Light,1/4 BBL Keg (7.75 Gal),85001 Eleven Central,0,0
Paul Mclaughlin,Corona Premier,1/4 BBL Keg (7.75 Gal),41027 Cubby's (P),0,0
Paul Mclaughlin,Corona Premier,1/4 BBL Keg (7.75 Gal),41027 Cubby's (P),0,0
Paul Mclaughlin,Modelo Negra,1/4 BBL Keg (7.75 Gal),74001 Lolitas Mexican Cantina,0,9
Paul Mclaughlin,Modelo Negra,1/4 BBL Keg (7.75 Gal),50029 La Tequilera Restaurant,0,2
Paul Mclaughlin,Modelo Negra,1/4 BBL Keg (7.75 Gal),56016 Chapala Grill - Bergenfield,0,6
Paul Mclaughlin,Modelo Negra,1/4 BBL Keg (7.75 Gal),74001 Lolitas Mexican Cantina,0,1
Paul Mclaughlin,Pacifico,1/4 BBL Keg (7.75 Gal),86002 Doghouse Saloon (Z),0,16
Paul Mclaughlin,Pacifico,1/4 BBL Keg (7.75 Gal),41023 The Whiskey Priest (Hackensack),0,0
Paul Mclaughlin,Pacifico,1/4 BBL Keg (7.75 Gal),50008 101 Pub (A),0,1
Paul Mclaughlin,Pacifico,1/4 BBL Keg (7.75 Gal),50029 La Tequilera Restaurant,0,2
Paul Mclaughlin,Pacifico,1/4 BBL Keg (7.75 Gal),56016 Chapala Grill - Bergenfield,0,5
Paul Mclaughlin,Pacifico,1/4 BBL Keg (7.75 Gal),57009 Pancho Burrito's (A),0,0
Paul Mclaughlin,Pacifico,1/4 BBL Keg (7.75 Gal),60002 QB's Bar and Grill,0,0
Paul Mclaughlin,Pacifico,1/4 BBL Keg (7.75 Gal),61003 White Beeches Golf Club,0,7
Paul Mclaughlin,Pacifico,1/4 BBL Keg (7.75 Gal),69009 Rivervale Country Club,0,0
Paul Mclaughlin,Pacifico,1/4 BBL Keg (7.75 Gal),71001 Peppercorn's,0,0
Paul Mclaughlin,Pacifico,1/4 BBL Keg (7.75 Gal),73001 Lou's,0,0
Paul Mclaughlin,Pacifico,1/4 BBL Keg (7.75 Gal),74001 Lolitas Mexican Cantina,0,1
Paul Mclaughlin,Pacifico,1/4 BBL Keg (7.75 Gal),85001 Eleven Central,0,0
Paul Mclaughlin,Pacifico,1/4 BBL Keg (7.75 Gal),86002 Doghouse Saloon (Z),0,0
Paul Mclaughlin,Pacifico,15.5 Gal Keg,74001 Lolitas Mexican Cantina,0,7
Paul Mclaughlin,Pacifico,15.5 Gal Keg,52033 Blue Akai,0,0
Paul Mclaughlin,Pacifico,15.5 Gal Keg,57004 River & Henley,0,2
Paul Mclaughlin,Pacifico,15.5 Gal Keg,60004 La Taberna Steak House,0,2
Paul Mclaughlin,Pacifico,15.5 Gal Keg,65006 Gerry's Place,0,2
Paul Mclaughlin,Pacifico,15.5 Gal Keg,70004 Davey's Locker (A),0,0
Paul Mclaughlin,Pacifico,15.5 Gal Keg,74001 Lolitas Mexican Cantina,0,1
Robin Feldman,Pacifico,15.5 Gal Keg,94016 Doc Watsons NJ,8,50
Robin Feldman,Modelo Especial,1/4 BBL Keg (7.75 Gal),93018 Courtyard Mahwah,3,17
Robin Feldman,Modelo Especial,1/4 BBL Keg (7.75 Gal),18005 Giuseppe (P) Rest.,1,1
Robin Feldman,Modelo Especial,1/4 BBL Keg (7.75 Gal),38043 K Of C Lodi,1,1
Robin Feldman,Modelo Especial,1/4 BBL Keg (7.75 Gal),81023 K Of C W Bergen,1,1
Robin Feldman,Modelo Especial,1/4 BBL Keg (7.75 Gal),12023 The Village Inn,0,0
Robin Feldman,Modelo Especial,1/4 BBL Keg (7.75 Gal),15079 American Lgn Totowa,0,0
Robin Feldman,Modelo Especial,1/4 BBL Keg (7.75 Gal),15081 Evolution Restaurant & Bar,0,5
Robin Feldman,Modelo Especial,1/4 BBL Keg (7.75 Gal),191815 Eastern Asian Bistro/Bar,0,1
Robin Feldman,Modelo Especial,1/4 BBL Keg (7.75 Gal),31009 Vesta Wood Fired Pizza,0,4
Robin Feldman,Modelo Especial,1/4 BBL Keg (7.75 Gal),42007 Vfw 809 (P),0,0
Robin Feldman,Modelo Especial,1/4 BBL Keg (7.75 Gal),42009 Nikki's Bar & Grill,0,0
Robin Feldman,Modelo Especial,1/4 BBL Keg (7.75 Gal),66001 Montammy Golf Club (P),0,1
Robin Feldman,Modelo Especial,1/4 BBL Keg (7.75 Gal),67006 Northvale Diner,0,0
Robin Feldman,Modelo Especial,1/4 BBL Keg (7.75 Gal),81005 The Craftsman,0,0
Robin Feldman,Modelo Especial,1/4 BBL Keg (7.75 Gal),93018 Courtyard Mahwah,0,3
Robin Feldman,Modelo Especial,15.5 Gal Keg,94016 Doc Watsons NJ,3,26
Robin Feldman,Modelo Especial,15.5 Gal Keg,12046 Packanack Lake Comm Asso,1,3
Robin Feldman,Modelo Especial,15.5 Gal Keg,28033 Homewood Suites By Hilton,1,2
Robin Feldman,Modelo Especial,15.5 Gal Keg,77013 William J. Mulligan VFW Post 281,1,2
Robin Feldman,Modelo Especial,15.5 Gal Keg,12067 Hilton Garden Inn wayne,0,3
Robin Feldman,Modelo Especial,15.5 Gal Keg,15079 American Lgn Totowa,0,0
Robin Feldman,Modelo Especial,15.5 Gal Keg,30017 Renaissance Meadowlands,0,1
Robin Feldman,Modelo Especial,15.5 Gal Keg,34016 Vfw Hasbrouck (A),0,2
Robin Feldman,Modelo Especial,15.5 Gal Keg,38043 K Of C Lodi,0,0
Robin Feldman,Modelo Especial,15.5 Gal Keg,4011 Bloomingdale Fire Dept,0,4
Robin Feldman,Modelo Especial,15.5 Gal Keg,42009 Nikki's Bar & Grill,0,2
Robin Feldman,Modelo Especial,15.5 Gal Keg,6003 Cypress,0,0
Robin Feldman,Modelo Especial,15.5 Gal Keg,8013 Vfw 2906 Pompt. Lks.(Z),0,0
Robin Feldman,Modelo Especial,15.5 Gal Keg,94016 Doc Watsons NJ,0,7
Robin Feldman,Corona Light,1/4 BBL Keg (7.75 Gal),81005 The Craftsman,1,4
Robin Feldman,Corona Light,1/4 BBL Keg (7.75 Gal),191219 Berkshire Valley Gc,1,2
Robin Feldman,Corona Light,1/4 BBL Keg (7.75 Gal),12023 The Village Inn,0,2
Robin Feldman,Corona Light,1/4 BBL Keg (7.75 Gal),81005 The Craftsman,0,0
Robin Feldman,Pacifico,1/4 BBL Keg (7.75 Gal),66001 Montammy Golf Club (P),1,3
Robin Feldman,Pacifico,1/4 BBL Keg (7.75 Gal),31009 Vesta Wood Fired Pizza,1,1
Robin Feldman,Pacifico,1/4 BBL Keg (7.75 Gal),42009 Nikki's Bar & Grill,0,2
Robin Feldman,Pacifico,1/4 BBL Keg (7.75 Gal),66001 Montammy Golf Club (P),0,0
Robin Feldman,Corona Light,15.5 Gal Keg,92016 K Of C Ramsey,0,0
Robin Feldman,Corona Light,15.5 Gal Keg,12023 The Village Inn,0,0
Robin Feldman,Corona Light,15.5 Gal Keg,92016 K Of C Ramsey,0,0
Robin Feldman,Corona Premier,1/4 BBL Keg (7.75 Gal),34016 Vfw Hasbrouck (A),0,0
Robin Feldman,Corona Premier,1/4 BBL Keg (7.75 Gal),34016 Vfw Hasbrouck (A),0,0
Robin Feldman,Modelo Negra,1/4 BBL Keg (7.75 Gal),81023 K Of C W Bergen,0,0
Robin Feldman,Modelo Negra,1/4 BBL Keg (7.75 Gal),81023 K Of C W Bergen,0,0
Robin Feldman,Pacifico,15.5 Gal Keg,31009 Vesta Wood Fired Pizza,0,0
Robin Feldman,Pacifico,15.5 Gal Keg,31009 Vesta Wood Fired Pizza,0,0
Shane Barreca,Pacifico,15.5 Gal Keg,92011 Bottle King (A) Ramsey,7,62
Shane Barreca,Corona Light,1/4 BBL Keg (7.75 Gal),92011 Bottle King (A) Ramsey,3,8
Shane Barreca,Corona Light,1/4 BBL Keg (7.75 Gal),60001 Bottle King (A) Dumont,1,1
Shane Barreca,Corona Light,1/4 BBL Keg (7.75 Gal),73003 Bottle King (A) Hillsdale,1,1
Shane Barreca,Corona Light,1/4 BBL Keg (7.75 Gal),92011 Bottle King (A) Ramsey,1,2
Shane Barreca,Corona Light,1/4 BBL Keg (7.75 Gal),71006 Ridgemont Liquors (A),0,0
Shane Barreca,Corona Light,1/4 BBL Keg (7.75 Gal),75004 Cork & Keg (A),0,4
Shane Barreca,Modelo Especial,15.5 Gal Keg,92011 Bottle King (A) Ramsey,3,16
Shane Barreca,Modelo Especial,15.5 Gal Keg,67004 Beverage Barn (A),1,2
Shane Barreca,Modelo Especial,15.5 Gal Keg,73003 Bottle King (A) Hillsdale,1,1
Shane Barreca,Modelo Especial,15.5 Gal Keg,74009 Westwood Wine and Liquors,1,1
Shane Barreca,Modelo Especial,15.5 Gal Keg,71006 Ridgemont Liquors (A),0,0
Shane Barreca,Modelo Especial,15.5 Gal Keg,75004 Cork & Keg (A),0,7
Shane Barreca,Modelo Especial,15.5 Gal Keg,92011 Bottle King (A) Ramsey,0,5
Shane Barreca,Pacifico,15.5 Gal Keg,75004 Cork & Keg (A),2,2
Shane Barreca,Pacifico,15.5 Gal Keg,71003 Brand Bar & Bev (A),1,1
Shane Barreca,Pacifico,15.5 Gal Keg,75004 Cork & Keg (A),1,1
Shane Barreca,Corona Light,15.5 Gal Keg,92011 Bottle King (A) Ramsey,1,2
Shane Barreca,Corona Light,15.5 Gal Keg,75004 Cork & Keg (A),1,2
Shane Barreca,Corona Light,15.5 Gal Keg,92011 Bottle King (A) Ramsey,0,0
Shane Barreca,Corona Premier,1/4 BBL Keg (7.75 Gal),92011 Bottle King (A) Ramsey,1,2
Shane Barreca,Corona Premier,1/4 BBL Keg (7.75 Gal),92011 Bottle King (A) Ramsey,1,1
Shane Barreca,Corona Premier,1/4 BBL Keg (7.75 Gal),75004 Cork & Keg (A),0,1
Shane Barreca,Modelo Negra,15.5 Gal Keg,92011 Bottle King (A) Ramsey,1,1
Shane Barreca,Modelo Negra,15.5 Gal Keg,75004 Cork & Keg (A),1,1
Shane Barreca,Modelo Negra,15.5 Gal Keg,92011 Bottle King (A) Ramsey,0,0
Shane Barreca,Pacifico,1/4 BBL Keg (7.75 Gal),92011 Bottle King (A) Ramsey,1,10
Shane Barreca,Pacifico,1/4 BBL Keg (7.75 Gal),92011 Bottle King (A) Ramsey,1,4
Shane Barreca,Pacifico,1/4 BBL Keg (7.75 Gal),68002 Wine And Beverage Spirits,0,0
Shane Barreca,Pacifico,1/4 BBL Keg (7.75 Gal),71006 Ridgemont Liquors (A),0,2
Shane Barreca,Pacifico,1/4 BBL Keg (7.75 Gal),75004 Cork & Keg (A),0,4
Shane Barreca,Modelo Especial,1/4 BBL Keg (7.75 Gal),92011 Bottle King (A) Ramsey,0,21
Shane Barreca,Modelo Especial,1/4 BBL Keg (7.75 Gal),75004 Cork & Keg (A),0,18
Shane Barreca,Modelo Especial,1/4 BBL Keg (7.75 Gal),92011 Bottle King (A) Ramsey,0,3
Chris Payton,Pacifico,15.5 Gal Keg,81018 B R C Catering (P),6,54
Chris Payton,Modelo Especial,15.5 Gal Keg,81012 Dutch House,5,7
Chris Payton,Modelo Especial,15.5 Gal Keg,38001 JR Sports Bar & Liquors(Z),1,1
Chris Payton,Modelo Especial,15.5 Gal Keg,38007 Garden Liquors (P),1,1
Chris Payton,Modelo Especial,15.5 Gal Keg,45005 Colonial Bar,1,2
Chris Payton,Modelo Especial,15.5 Gal Keg,47005 Exquisite W & L (A),1,1
Chris Payton,Modelo Especial,15.5 Gal Keg,76010 Usa Wine Traders Club (Saddle Brook),1,2
Chris Payton,Modelo Especial,15.5 Gal Keg,81012 Dutch House,0,0
Chris Payton,Corona Light,1/4 BBL Keg (7.75 Gal),81017 JJ's Pub,1,1
Chris Payton,Corona Light,1/4 BBL Keg (7.75 Gal),76010 Usa Wine Traders Club (Saddle Brook),1,3
Chris Payton,Corona Light,1/4 BBL Keg (7.75 Gal),35009 Fiesta (A),0,-1
Chris Payton,Corona Light,1/4 BBL Keg (7.75 Gal),81017 JJ's Pub,0,-1
Chris Payton,Modelo Especial,1/4 BBL Keg (7.75 Gal),81017 JJ's Pub,1,4
Chris Payton,Modelo Especial,1/4 BBL Keg (7.75 Gal),76010 Usa Wine Traders Club (Saddle Brook),1,2
Chris Payton,Modelo Especial,1/4 BBL Keg (7.75 Gal),35009 Fiesta (A),0,-1
Chris Payton,Modelo Especial,1/4 BBL Keg (7.75 Gal),38001 JR Sports Bar & Liquors(Z),0,0
Chris Payton,Modelo Especial,1/4 BBL Keg (7.75 Gal),45005 Colonial Bar,0,0
Chris Payton,Modelo Especial,1/4 BBL Keg (7.75 Gal),47005 Exquisite W & L (A),0,1
Chris Payton,Modelo Especial,1/4 BBL Keg (7.75 Gal),47017 Westside Village (A),0,-1
Chris Payton,Modelo Especial,1/4 BBL Keg (7.75 Gal),80027 Ridgewood Country Club,0,0
Chris Payton,Modelo Especial,1/4 BBL Keg (7.75 Gal),80028 El Cid,0,3
Chris Payton,Modelo Especial,1/4 BBL Keg (7.75 Gal),81017 JJ's Pub,0,0
Chris Payton,Pacifico,15.5 Gal Keg,80035 Arcola Country C.,1,3
Chris Payton,Pacifico,15.5 Gal Keg,80035 Arcola Country C.,1,3
Chris Payton,Pacifico,1/4 BBL Keg (7.75 Gal),81018 B R C Catering (P),0,39
Chris Payton,Pacifico,1/4 BBL Keg (7.75 Gal),35009 Fiesta (A),0,-1
Chris Payton,Pacifico,1/4 BBL Keg (7.75 Gal),80027 Ridgewood Country Club,0,40
Chris Payton,Pacifico,1/4 BBL Keg (7.75 Gal),81018 B R C Catering (P),0,0
Anthony Palmisano,Pacifico,15.5 Gal Keg,8008 Shoppers Disc(A)Pompton,5,82
Anthony Palmisano,Modelo Especial,15.5 Gal Keg,231214 Mt Creek Kink (So)A,3,29
Anthony Palmisano,Modelo Especial,15.5 Gal Keg,1214 Whiskey Wolf Tavern (P),1,1
Anthony Palmisano,Modelo Especial,15.5 Gal Keg,2002 Ringwood Discount Liquors,1,2
Anthony Palmisano,Modelo Especial,15.5 Gal Keg,2003 Ringwood W&L,1,1
Anthony Palmisano,Modelo Especial,15.5 Gal Keg,1010 Jimmy Geez(North)Bar/Gril,0,0
Anthony Palmisano,Modelo Especial,15.5 Gal Keg,1012 Uncorked Wines & Spirits (West Milford),0,1
Anthony Palmisano,Modelo Especial,15.5 Gal Keg,191209 Valley Tavern,0,1
Anthony Palmisano,Modelo Especial,15.5 Gal Keg,230915 Crystal Sprs/Wild Turkey,0,15
Anthony Palmisano,Modelo Especial,15.5 Gal Keg,230925 Springs Bistro Biosphere,0,0
Anthony Palmisano,Modelo Especial,15.5 Gal Keg,230930 Brick & Brew,0,0
Anthony Palmisano,Modelo Especial,15.5 Gal Keg,231207 Great Gorge Golf (A) Club,0,1
Anthony Palmisano,Modelo Especial,15.5 Gal Keg,231213 The Kites (P),0,7
Anthony Palmisano,Modelo Especial,15.5 Gal Keg,231214 Mt Creek Kink (So)A,0,0
Anthony Palmisano,Corona Light,1/4 BBL Keg (7.75 Gal),8008 Shoppers Disc(A)Pompton,1,1
Anthony Palmisano,Corona Light,1/4 BBL Keg (7.75 Gal),8008 Shoppers Disc(A)Pompton,1,1
Anthony Palmisano,Corona Light,1/4 BBL Keg (7.75 Gal),231309 The Stuffed Olive_2,0,0
Anthony Palmisano,Corona Light,15.5 Gal Keg,191207 Daily Planet (A),1,1
Anthony Palmisano,Corona Light,15.5 Gal Keg,1012 Uncorked Wines & Spirits (West Milford),1,1
Anthony Palmisano,Corona Light,15.5 Gal Keg,191207 Daily Planet (A),0,0
Anthony Palmisano,Modelo Especial,1/4 BBL Keg (7.75 Gal),8008 Shoppers Disc(A)Pompton,1,45
Anthony Palmisano,Modelo Especial,1/4 BBL Keg (7.75 Gal),8008 Shoppers Disc(A)Pompton,1,1
Anthony Palmisano,Modelo Especial,1/4 BBL Keg (7.75 Gal),230915 Crystal Sprs/Wild Turkey,0,19
Anthony Palmisano,Modelo Especial,1/4 BBL Keg (7.75 Gal),230925 Springs Bistro Biosphere,0,1
Anthony Palmisano,Modelo Especial,1/4 BBL Keg (7.75 Gal),231213 The Kites (P),0,24
Anthony Palmisano,Pacifico,15.5 Gal Keg,1012 Uncorked Wines & Spirits (West Milford),1,1
Anthony Palmisano,Pacifico,15.5 Gal Keg,1012 Uncorked Wines & Spirits (West Milford),1,1
Anthony Palmisano,Pacifico,1/4 BBL Keg (7.75 Gal),4005 Turnpike Discount Liquors,0,5
Anthony Palmisano,Pacifico,1/4 BBL Keg (7.75 Gal),4005 Turnpike Discount Liquors,0,5
Brian Sengebush,Pacifico,15.5 Gal Keg,231719 Layton Tavern,5,145
Brian Sengebush,Modelo Especial,15.5 Gal Keg,230430 Applebee's Grill(A)Newton,2,55
Brian Sengebush,Modelo Especial,15.5 Gal Keg,190306 Lena y Carbon VII Parsippany,1,1
Brian Sengebush,Modelo Especial,15.5 Gal Keg,230430 Applebee's Grill(A)Newton,1,1
Brian Sengebush,Modelo Especial,15.5 Gal Keg,1017 Millers Ale House Rockawa,0,4
Brian Sengebush,Modelo Especial,15.5 Gal Keg,1024 Buffalo Wild Wings (Rockaway),0,5
Brian Sengebush,Modelo Especial,15.5 Gal Keg,190601 Thatcher Mcghee's (A),0,4
Brian Sengebush,Modelo Especial,15.5 Gal Keg,190923 Knotty Pine Pub (P),0,3
Brian Sengebush,Modelo Especial,15.5 Gal Keg,190925 Olive Garden Rockaway,0,0
Brian Sengebush,Modelo Especial,15.5 Gal Keg,191004 Club 15(P),0,1
Brian Sengebush,Modelo Especial,15.5 Gal Keg,191008 Jefferson Diner & Tav(P),0,1
Brian Sengebush,Modelo Especial,15.5 Gal Keg,191009 Mason Street Grille,0,6
Brian Sengebush,Modelo Especial,15.5 Gal Keg,191104 Chapala Grill - Lake Hopatcong,0,2
Brian Sengebush,Modelo Especial,15.5 Gal Keg,191510 Lola's Restaurant,0,22
Brian Sengebush,Modelo Especial,15.5 Gal Keg,191521 Patricks Pub (P),0,2
Brian Sengebush,Modelo Especial,15.5 Gal Keg,230406 Bearbrook Valley,0,3
Brian Sengebush,Corona Light,1/4 BBL Keg (7.75 Gal),231719 Layton Tavern,1,5
Brian Sengebush,Corona Light,1/4 BBL Keg (7.75 Gal),190803 Germania Park,1,2
Brian Sengebush,Corona Light,1/4 BBL Keg (7.75 Gal),190205 Sharky's West (P),0,0
Brian Sengebush,Corona Light,1/4 BBL Keg (7.75 Gal),190601 Thatcher Mcghee's (A),0,0
Brian Sengebush,Corona Light,1/4 BBL Keg (7.75 Gal),190706 Mill Lane Tavern,0,0
Brian Sengebush,Corona Light,1/4 BBL Keg (7.75 Gal),190707 The Exchange,0,0
Brian Sengebush,Corona Light,1/4 BBL Keg (7.75 Gal),191007 Charley's Tavern,0,0
Brian Sengebush,Corona Light,1/4 BBL Keg (7.75 Gal),191009 Mason Street Grille,0,0
Brian Sengebush,Corona Light,1/4 BBL Keg (7.75 Gal),191808 La Mezcalita,0,3
Brian Sengebush,Corona Light,1/4 BBL Keg (7.75 Gal),231719 Layton Tavern,0,0
Brian Sengebush,Corona Light,15.5 Gal Keg,230312 Skyland Baseball,1,8
Brian Sengebush,Corona Light,15.5 Gal Keg,191009 Mason Street Grille,1,1
Brian Sengebush,Corona Light,15.5 Gal Keg,191104 Chapala Grill - Lake Hopatcong,0,0
Brian Sengebush,Corona Light,15.5 Gal Keg,191510 Lola's Restaurant,0,3
Brian Sengebush,Corona Light,15.5 Gal Keg,230312 Skyland Baseball,0,4
Brian Sengebush,Modelo Especial,1/4 BBL Keg (7.75 Gal),231719 Layton Tavern,1,52
Brian Sengebush,Modelo Especial,1/4 BBL Keg (7.75 Gal),190803 Germania Park,1,2
Brian Sengebush,Modelo Especial,1/4 BBL Keg (7.75 Gal),190205 Sharky's West (P),0,8
Brian Sengebush,Modelo Especial,1/4 BBL Keg (7.75 Gal),190706 Mill Lane Tavern,0,0
Brian Sengebush,Modelo Especial,1/4 BBL Keg (7.75 Gal),190707 The Exchange,0,0
Brian Sengebush,Modelo Especial,1/4 BBL Keg (7.75 Gal),190910 NORTE 175,0,3
Brian Sengebush,Modelo Especial,1/4 BBL Keg (7.75 Gal),190918 Luna Restaurant & Bar,0,-1
Brian Sengebush,Modelo Especial,1/4 BBL Keg (7.75 Gal),190925 Olive Garden Rockaway,0,4
Brian Sengebush,Modelo Especial,1/4 BBL Keg (7.75 Gal),191007 Charley's Tavern,0,0
Brian Sengebush,Modelo Especial,1/4 BBL Keg (7.75 Gal),191305 Chapala Mexican Grill 4,0,3
Brian Sengebush,Modelo Especial,1/4 BBL Keg (7.75 Gal),191505 Mckenna's Pub (P),0,-1
Brian Sengebush,Modelo Especial,1/4 BBL Keg (7.75 Gal),191521 Patricks Pub (P),0,0
Brian Sengebush,Modelo Especial,1/4 BBL Keg (7.75 Gal),191618 Polo's Bar And Grill,0,0
Brian Sengebush,Modelo Especial,1/4 BBL Keg (7.75 Gal),191808 La Mezcalita,0,16
Brian Sengebush,Modelo Especial,1/4 BBL Keg (7.75 Gal),230405 Sheridan Lodge (P),0,0
Brian Sengebush,Modelo Especial,1/4 BBL Keg (7.75 Gal),230421 The Sizzle BBQ Argentinian Steak House,0,3
Brian Sengebush,Modelo Especial,1/4 BBL Keg (7.75 Gal),230428 O'reilly Pub (P),0,5
Brian Sengebush,Modelo Especial,1/4 BBL Keg (7.75 Gal),231711 Riviera Maya,0,4
Brian Sengebush,Modelo Especial,1/4 BBL Keg (7.75 Gal),231715 Gyp's Tavern,0,0
Brian Sengebush,Modelo Especial,1/4 BBL Keg (7.75 Gal),231717 Culver Liquor and Bar,0,0
Brian Sengebush,Modelo Especial,1/4 BBL Keg (7.75 Gal),231719 Layton Tavern,0,6
Brian Sengebush,Pacifico,15.5 Gal Keg,191510 Lola's Restaurant,1,10
Brian Sengebush,Pacifico,15.5 Gal Keg,190707 The Exchange,1,1
Brian Sengebush,Pacifico,15.5 Gal Keg,1017 Millers Ale House Rockawa,0,1
Brian Sengebush,Pacifico,15.5 Gal Keg,191104 Chapala Grill - Lake Hopatcong,0,0
Brian Sengebush,Pacifico,15.5 Gal Keg,191510 Lola's Restaurant,0,8
Brian Sengebush,Corona Premier,1/4 BBL Keg (7.75 Gal),190707 The Exchange,0,-1
Brian Sengebush,Corona Premier,1/4 BBL Keg (7.75 Gal),190707 The Exchange,0,-1
Brian Sengebush,Modelo Negra,1/4 BBL Keg (7.75 Gal),231719 Layton Tavern,0,7
Brian Sengebush,Modelo Negra,1/4 BBL Keg (7.75 Gal),191305 Chapala Mexican Grill 4,0,2
Brian Sengebush,Modelo Negra,1/4 BBL Keg (7.75 Gal),191808 La Mezcalita,0,3
Brian Sengebush,Modelo Negra,1/4 BBL Keg (7.75 Gal),231711 Riviera Maya,0,2
Brian Sengebush,Modelo Negra,1/4 BBL Keg (7.75 Gal),231719 Layton Tavern,0,0
Brian Sengebush,Modelo Negra,15.5 Gal Keg,191104 Chapala Grill - Lake Hopatcong,0,2
Brian Sengebush,Modelo Negra,15.5 Gal Keg,191104 Chapala Grill - Lake Hopatcong,0,2
Brian Sengebush,Pacifico,1/4 BBL Keg (7.75 Gal),230428 O'reilly Pub (P),0,7
Brian Sengebush,Pacifico,1/4 BBL Keg (7.75 Gal),190707 The Exchange,0,0
Brian Sengebush,Pacifico,1/4 BBL Keg (7.75 Gal),190910 NORTE 175,0,3
Brian Sengebush,Pacifico,1/4 BBL Keg (7.75 Gal),191007 Charley's Tavern,0,0
Brian Sengebush,Pacifico,1/4 BBL Keg (7.75 Gal),191009 Mason Street Grille,0,0
Brian Sengebush,Pacifico,1/4 BBL Keg (7.75 Gal),191305 Chapala Mexican Grill 4,0,0
Brian Sengebush,Pacifico,1/4 BBL Keg (7.75 Gal),191808 La Mezcalita,0,4
Brian Sengebush,Pacifico,1/4 BBL Keg (7.75 Gal),230428 O'reilly Pub (P),0,0
Jayson Romine,Pacifico,15.5 Gal Keg,231316 Patricks Wine Barn,4,11
Jayson Romine,Modelo Especial,15.5 Gal Keg,230314 Liquor Factory V Andover,2,3
Jayson Romine,Modelo Especial,15.5 Gal Keg,230121 White Deer Inn,1,2
Jayson Romine,Modelo Especial,15.5 Gal Keg,230314 Liquor Factory V Andover,1,1
Jayson Romine,Modelo Especial,1/4 BBL Keg (7.75 Gal),231316 Patricks Wine Barn,1,5
Jayson Romine,Modelo Especial,1/4 BBL Keg (7.75 Gal),230105 ShopRite Wines & Spirits of Sparta,1,1
Jayson Romine,Modelo Especial,1/4 BBL Keg (7.75 Gal),230121 White Deer Inn,0,0
Jayson Romine,Modelo Especial,1/4 BBL Keg (7.75 Gal),230427 ShopRite Wine & Spirits of Newton#830,0,0
Jayson Romine,Modelo Especial,1/4 BBL Keg (7.75 Gal),231215 Mac & Lindy's W & S (A),0,3
Jayson Romine,Modelo Especial,1/4 BBL Keg (7.75 Gal),231316 Patricks Wine Barn,0,1
Jayson Romine,Pacifico,1/4 BBL Keg (7.75 Gal),230412 USA Wine Traders Club Of Newton (A),1,2
Jayson Romine,Pacifico,1/4 BBL Keg (7.75 Gal),230412 USA Wine Traders Club Of Newton (A),1,2
Jayson Romine,Corona Light,15.5 Gal Keg,191010 Liquor Factory II Jefferson,0,1
Jayson Romine,Corona Light,15.5 Gal Keg,191010 Liquor Factory II Jefferson,0,1
Klejdi Lamo,Modelo Negra,15.5 Gal Keg,191814 Sandy's Wine & Spirit (P) (Budd Lake),4,47
Klejdi Lamo,Modelo Especial,1/4 BBL Keg (7.75 Gal),191814 Sandy's Wine & Spirit (P) (Budd Lake),3,18
Klejdi Lamo,Modelo Especial,1/4 BBL Keg (7.75 Gal),190917 Shop Rite Liq (A)Wharton,1,1
Klejdi Lamo,Modelo Especial,1/4 BBL Keg (7.75 Gal),191210 Milton Inn,1,1
Klejdi Lamo,Modelo Especial,1/4 BBL Keg (7.75 Gal),191710 Shop Rite Wine & Spirits Stanhope,1,1
Klejdi Lamo,Modelo Especial,1/4 BBL Keg (7.75 Gal),190207 Liquor Outlet,0,13
Klejdi Lamo,Modelo Especial,1/4 BBL Keg (7.75 Gal),190603 Denville W & L,0,1
Klejdi Lamo,Modelo Especial,1/4 BBL Keg (7.75 Gal),191814 Sandy's Wine & Spirit (P) (Budd Lake),0,1
Klejdi Lamo,Corona Light,15.5 Gal Keg,191814 Sandy's Wine & Spirit (P) (Budd Lake),1,1
Klejdi Lamo,Corona Light,15.5 Gal Keg,191814 Sandy's Wine & Spirit (P) (Budd Lake),1,1
Klejdi Lamo,Modelo Especial,15.5 Gal Keg,191710 Shop Rite Wine & Spirits Stanhope,1,1
Klejdi Lamo,Modelo Especial,15.5 Gal Keg,191710 Shop Rite Wine & Spirits Stanhope,1,1
Klejdi Lamo,Corona Light,1/4 BBL Keg (7.75 Gal),191814 Sandy's Wine & Spirit (P) (Budd Lake),0,11
Klejdi Lamo,Corona Light,1/4 BBL Keg (7.75 Gal),190207 Liquor Outlet,0,11
Klejdi Lamo,Corona Light,1/4 BBL Keg (7.75 Gal),191814 Sandy's Wine & Spirit (P) (Budd Lake),0,0
Klejdi Lamo,Corona Premier,1/4 BBL Keg (7.75 Gal),190207 Liquor Outlet,0,15
Klejdi Lamo,Corona Premier,1/4 BBL Keg (7.75 Gal),190207 Liquor Outlet,0,15
Klejdi Lamo,Corona Premier,15.5 Gal Keg,191814 Sandy's Wine & Spirit (P) (Budd Lake),0,0
Klejdi Lamo,Corona Premier,15.5 Gal Keg,191814 Sandy's Wine & Spirit (P) (Budd Lake),0,0
Klejdi Lamo,Modelo Negra,1/4 BBL Keg (7.75 Gal),190917 Shop Rite Liq (A)Wharton,0,1
Klejdi Lamo,Modelo Negra,1/4 BBL Keg (7.75 Gal),190917 Shop Rite Liq (A)Wharton,0,1
Mike Ast,Pacifico,15.5 Gal Keg,94001 Long Hill Liquors (A),4,45
Mike Ast,Corona Light,15.5 Gal Keg,83005 Glen Rock Inn,2,2
Mike Ast,Corona Light,15.5 Gal Keg,12011 Bottle King (A) Wayne,1,1
Mike Ast,Corona Light,15.5 Gal Keg,83005 Glen Rock Inn,1,1
Mike Ast,Pacifico,1/4 BBL Keg (7.75 Gal),84022 Park West Tavern,2,10
Mike Ast,Pacifico,1/4 BBL Keg (7.75 Gal),12011 Bottle King (A) Wayne,1,1
Mike Ast,Pacifico,1/4 BBL Keg (7.75 Gal),83005 Glen Rock Inn,1,1
Mike Ast,Pacifico,1/4 BBL Keg (7.75 Gal),83009 Jalapeno Mex. Grille(A),0,3
Mike Ast,Pacifico,1/4 BBL Keg (7.75 Gal),84022 Park West Tavern,0,5
Mike Ast,Modelo Especial,1/4 BBL Keg (7.75 Gal),94001 Long Hill Liquors (A),1,15
Mike Ast,Modelo Especial,1/4 BBL Keg (7.75 Gal),83003 Beekman's Wines and Liquors,1,1
Mike Ast,Modelo Especial,1/4 BBL Keg (7.75 Gal),12011 Bottle King (A) Wayne,0,4
Mike Ast,Modelo Especial,1/4 BBL Keg (7.75 Gal),18001 Grand Opening Liq (A)_2,0,1
Mike Ast,Modelo Especial,1/4 BBL Keg (7.75 Gal),83005 Glen Rock Inn,0,0
Mike Ast,Modelo Especial,1/4 BBL Keg (7.75 Gal),83009 Jalapeno Mex. Grille(A),0,8
Mike Ast,Modelo Especial,1/4 BBL Keg (7.75 Gal),93006 Mahwah Wine & Liquor (A),0,0
Mike Ast,Modelo Especial,1/4 BBL Keg (7.75 Gal),94001 Long Hill Liquors (A),0,1
Mike Ast,Modelo Especial,15.5 Gal Keg,87001 Uncorked Wine & Spirits (Hohokus),1,6
Mike Ast,Modelo Especial,15.5 Gal Keg,83005 Glen Rock Inn,1,3
Mike Ast,Modelo Especial,15.5 Gal Keg,12011 Bottle King (A) Wayne,0,2
Mike Ast,Modelo Especial,15.5 Gal Keg,83009 Jalapeno Mex. Grille(A),0,0
Mike Ast,Modelo Especial,15.5 Gal Keg,87001 Uncorked Wine & Spirits (Hohokus),0,1
Mike Ast,Pacifico,15.5 Gal Keg,84022 Park West Tavern,1,7
Mike Ast,Pacifico,15.5 Gal Keg,84022 Park West Tavern,1,6
Mike Ast,Pacifico,15.5 Gal Keg,83005 Glen Rock Inn,0,1
Mike Ast,Corona Light,1/4 BBL Keg (7.75 Gal),93006 Mahwah Wine & Liquor (A),0,3
Mike Ast,Corona Light,1/4 BBL Keg (7.75 Gal),12011 Bottle King (A) Wayne,0,2
Mike Ast,Corona Light,1/4 BBL Keg (7.75 Gal),18001 Grand Opening Liq (A)_2,0,1
Mike Ast,Corona Light,1/4 BBL Keg (7.75 Gal),93006 Mahwah Wine & Liquor (A),0,0
Mike Ast,Corona Premier,1/4 BBL Keg (7.75 Gal),12011 Bottle King (A) Wayne,0,0
Mike Ast,Corona Premier,1/4 BBL Keg (7.75 Gal),12011 Bottle King (A) Wayne,0,0
Mike Ast,Corona Premier,15.5 Gal Keg,12011 Bottle King (A) Wayne,0,0
Mike Ast,Corona Premier,15.5 Gal Keg,12011 Bottle King (A) Wayne,0,0
Mike Ast,Modelo Negra,1/4 BBL Keg (7.75 Gal),83009 Jalapeno Mex. Grille(A),0,2
Mike Ast,Modelo Negra,1/4 BBL Keg (7.75 Gal),83009 Jalapeno Mex. Grille(A),0,2
Mike Ast,Modelo Negra,15.5 Gal Keg,89005 Allendale Wine Shoppe,0,0
Mike Ast,Modelo Negra,15.5 Gal Keg,89005 Allendale Wine Shoppe,0,0
Dan Lagala,Pacifico,15.5 Gal Keg,49071 Chillers Grill (A),3,25
Dan Lagala,Modelo Especial,1/4 BBL Keg (7.75 Gal),49071 Chillers Grill (A),2,11
Dan Lagala,Modelo Especial,1/4 BBL Keg (7.75 Gal),44008 GOGIYA,1,8
Dan Lagala,Modelo Especial,1/4 BBL Keg (7.75 Gal),49055 Edgewater Liquor (A),1,1
Dan Lagala,Modelo Especial,1/4 BBL Keg (7.75 Gal),44031 Viva La Margarita Cliffside Park,0,0
Dan Lagala,Modelo Especial,1/4 BBL Keg (7.75 Gal),49071 Chillers Grill (A),0,2
Dan Lagala,Modelo Especial,15.5 Gal Keg,49016 Ipic Theaters,1,10
Dan Lagala,Modelo Especial,15.5 Gal Keg,44031 Viva La Margarita Cliffside Park,1,4
Dan Lagala,Modelo Especial,15.5 Gal Keg,44047 Sedona Tap House,0,-1
Dan Lagala,Modelo Especial,15.5 Gal Keg,49016 Ipic Theaters,0,7
Dan Lagala,Corona Light,1/4 BBL Keg (7.75 Gal),44031 Viva La Margarita Cliffside Park,0,0
Dan Lagala,Corona Light,1/4 BBL Keg (7.75 Gal),44031 Viva La Margarita Cliffside Park,0,0
Dan Lagala,Pacifico,1/4 BBL Keg (7.75 Gal),44031 Viva La Margarita Cliffside Park,0,4
Dan Lagala,Pacifico,1/4 BBL Keg (7.75 Gal),44031 Viva La Margarita Cliffside Park,0,4
Phil Ernst,Pacifico,15.5 Gal Keg,83010 Bottle King (A) Glen Rock,3,25
Phil Ernst,Modelo Especial,1/4 BBL Keg (7.75 Gal),83010 Bottle King (A) Glen Rock,2,9
Phil Ernst,Modelo Especial,1/4 BBL Keg (7.75 Gal),20106 Super Wine Warehse(P)Pate,1,2
Phil Ernst,Modelo Especial,1/4 BBL Keg (7.75 Gal),81014 Shop Rite Liq(A) Fair Lwn,1,1
Phil Ernst,Modelo Especial,1/4 BBL Keg (7.75 Gal),83010 Bottle King (A) Glen Rock,0,6
Phil Ernst,Modelo Negra,1/4 BBL Keg (7.75 Gal),83010 Bottle King (A) Glen Rock,1,2
Phil Ernst,Modelo Negra,1/4 BBL Keg (7.75 Gal),83010 Bottle King (A) Glen Rock,1,2
Phil Ernst,Corona Premier,15.5 Gal Keg,20106 Super Wine Warehse(P)Pate,0,0
Phil Ernst,Corona Premier,15.5 Gal Keg,20106 Super Wine Warehse(P)Pate,0,0
Phil Ernst,Modelo Especial,15.5 Gal Keg,83010 Bottle King (A) Glen Rock,0,13
Phil Ernst,Modelo Especial,15.5 Gal Keg,20106 Super Wine Warehse(P)Pate,0,0
Phil Ernst,Modelo Especial,15.5 Gal Keg,40019 Budy's Wine & Liq (A),0,8
Phil Ernst,Modelo Especial,15.5 Gal Keg,83010 Bottle King (A) Glen Rock,0,5
Phil Ernst,Modelo Negra,15.5 Gal Keg,83010 Bottle King (A) Glen Rock,0,1
Phil Ernst,Modelo Negra,15.5 Gal Keg,83010 Bottle King (A) Glen Rock,0,1
Phil Ernst,Pacifico,15.5 Gal Keg,83010 Bottle King (A) Glen Rock,0,0
Phil Ernst,Pacifico,15.5 Gal Keg,83010 Bottle King (A) Glen Rock,0,0
Dave Ehlers,Pacifico,15.5 Gal Keg,58001 Total Wine & More (River Edge),2,78
Dave Ehlers,Corona Premier,1/4 BBL Keg (7.75 Gal),14007 Total Wine & More (Totowa),1,2
Dave Ehlers,Corona Premier,1/4 BBL Keg (7.75 Gal),14007 Total Wine & More (Totowa),1,2
Dave Ehlers,Modelo Especial,15.5 Gal Keg,58001 Total Wine & More (River Edge),1,28
Dave Ehlers,Modelo Especial,15.5 Gal Keg,40010 Hackensack Liquors,1,1
Dave Ehlers,Modelo Especial,15.5 Gal Keg,14007 Total Wine & More (Totowa),0,5
Dave Ehlers,Modelo Especial,15.5 Gal Keg,40022 Buy Rite Of Hackensack,0,0
Dave Ehlers,Modelo Especial,15.5 Gal Keg,58001 Total Wine & More (River Edge),0,22
Dave Ehlers,Corona Premier,15.5 Gal Keg,58001 Total Wine & More (River Edge),0,0
Dave Ehlers,Corona Premier,15.5 Gal Keg,58001 Total Wine & More (River Edge),0,0
Dave Ehlers,Modelo Especial,1/4 BBL Keg (7.75 Gal),58001 Total Wine & More (River Edge),0,47
Dave Ehlers,Modelo Especial,1/4 BBL Keg (7.75 Gal),14007 Total Wine & More (Totowa),0,29
Dave Ehlers,Modelo Especial,1/4 BBL Keg (7.75 Gal),40001 Bottle & Cork,0,0
Dave Ehlers,Modelo Especial,1/4 BBL Keg (7.75 Gal),58001 Total Wine & More (River Edge),0,18
Dave Ehlers,Modelo Negra,1/4 BBL Keg (7.75 Gal),58001 Total Wine & More (River Edge),0,1
Dave Ehlers,Modelo Negra,1/4 BBL Keg (7.75 Gal),58001 Total Wine & More (River Edge),0,1
Dave Ehlers,Pacifico,1/4 BBL Keg (7.75 Gal),14007 Total Wine & More (Totowa),0,0
Dave Ehlers,Pacifico,1/4 BBL Keg (7.75 Gal),14007 Total Wine & More (Totowa),0,0
Default,Modelo Especial,15.5 Gal Keg,12089 FRANKFORD FD / NJ STATE FAIR,2,12
Default,Modelo Especial,15.5 Gal Keg,12089 FRANKFORD FD / NJ STATE FAIR,2,12
Default,Modelo Especial,15.5 Gal Keg,120002 PICNIC,1,5
Default,Modelo Especial,15.5 Gal Keg,12089 FRANKFORD FD / NJ STATE FAIR,1,7
Jim Heaney,Modelo Especial,1/4 BBL Keg (7.75 Gal),30005 Rutherford Wine (A),2,3
Jim Heaney,Modelo Especial,1/4 BBL Keg (7.75 Gal),29003 Liquor Shed,2,2
Jim Heaney,Modelo Especial,1/4 BBL Keg (7.75 Gal),24011 Shoppers Vineyard (A),1,1
Jim Heaney,Modelo Especial,1/4 BBL Keg (7.75 Gal),29003 Liquor Shed,1,1
Jim Heaney,Corona Premier,1/4 BBL Keg (7.75 Gal),30005 Rutherford Wine (A),0,1
Jim Heaney,Corona Premier,1/4 BBL Keg (7.75 Gal),30005 Rutherford Wine (A),0,1
Matt Powierski,Modelo Especial,15.5 Gal Keg,77017 Hook & Reel,2,59
Matt Powierski,Modelo Especial,15.5 Gal Keg,77009 M & M Wine & Spirits,2,5
Matt Powierski,Modelo Especial,15.5 Gal Keg,31060 Bottle Republic (Rutherford),1,1
Matt Powierski,Modelo Especial,15.5 Gal Keg,77009 M & M Wine & Spirits,1,1
Matt Powierski,Modelo Especial,15.5 Gal Keg,37047 Dp's Pub & Seafood Grill,0,3
Matt Powierski,Corona Light,1/4 BBL Keg (7.75 Gal),31060 Bottle Republic (Rutherford),1,2
Matt Powierski,Corona Light,1/4 BBL Keg (7.75 Gal),31060 Bottle Republic (Rutherford),1,2
Matt Powierski,Modelo Especial,1/4 BBL Keg (7.75 Gal),77017 Hook & Reel,0,52
Matt Powierski,Modelo Especial,1/4 BBL Keg (7.75 Gal),31060 Bottle Republic (Rutherford),0,4
Matt Powierski,Modelo Especial,1/4 BBL Keg (7.75 Gal),36007 Shop Rite Of Wallington,0,0
Matt Powierski,Modelo Especial,1/4 BBL Keg (7.75 Gal),36043 Sports Bar & Liquors,0,12
Matt Powierski,Modelo Especial,1/4 BBL Keg (7.75 Gal),37007 Jay's Liquormart,0,10
Matt Powierski,Modelo Especial,1/4 BBL Keg (7.75 Gal),37044 Riverview Liquors & Bar,0,22
Matt Powierski,Modelo Especial,1/4 BBL Keg (7.75 Gal),77017 Hook & Reel,0,4
Chris Politano,Pacifico,15.5 Gal Keg,31037 Delaware North Met Life Stadium,1,125
Chris Politano,Corona Light,15.5 Gal Keg,31037 Delaware North Met Life Stadium,1,35
Chris Politano,Corona Light,15.5 Gal Keg,31037 Delaware North Met Life Stadium,1,35
Chris Politano,Modelo Especial,15.5 Gal Keg,31037 Delaware North Met Life Stadium,1,65
Chris Politano,Modelo Especial,15.5 Gal Keg,31037 Delaware North Met Life Stadium,1,65
Chris Politano,Modelo Negra,15.5 Gal Keg,31037 Delaware North Met Life Stadium,1,3
Chris Politano,Modelo Negra,15.5 Gal Keg,31037 Delaware North Met Life Stadium,1,3
Chris Politano,Pacifico,15.5 Gal Keg,31037 Delaware North Met Life Stadium,1,22
Chris Politano,Pacifico,15.5 Gal Keg,31037 Delaware North Met Life Stadium,1,22
Office Tell Sell,Modelo Especial,15.5 Gal Keg,22009 Paterson Fire Dept,1,6
Office Tell Sell,Corona Light,15.5 Gal Keg,22009 Paterson Fire Dept,1,3
Office Tell Sell,Corona Light,15.5 Gal Keg,22009 Paterson Fire Dept,1,3
Office Tell Sell,Modelo Especial,15.5 Gal Keg,22009 Paterson Fire Dept,0,3
Office Tell Sell,Modelo Especial,15.5 Gal Keg,22009 Paterson Fire Dept,0,3
Javier Melo,Modelo Especial,15.5 Gal Keg,22065 Mambo Lounge (P),0,-1
Javier Melo,Corona Light,15.5 Gal Keg,22065 Mambo Lounge (P),0,-1
Javier Melo,Corona Light,15.5 Gal Keg,22065 Mambo Lounge (P),0,-1
Javier Melo,Modelo Especial,15.5 Gal Keg,22065 Mambo Lounge (P),0,0
Javier Melo,Modelo Especial,15.5 Gal Keg,20117 El Cantaro Liquors,0,0
Javier Melo,Modelo Especial,15.5 Gal Keg,22065 Mambo Lounge (P),0,0
Pablo Lopez,Modelo Negra,15.5 Gal Keg,25051 Portuguese Tavern Steak House,0,14
Pablo Lopez,Corona Light,1/4 BBL Keg (7.75 Gal),21038 Freddie's Dugout,0,0
Pablo Lopez,Corona Light,1/4 BBL Keg (7.75 Gal),21038 Freddie's Dugout,0,0
Pablo Lopez,Modelo Especial,15.5 Gal Keg,25051 Portuguese Tavern Steak House,0,11
Pablo Lopez,Modelo Especial,15.5 Gal Keg,20081 Hacienda (P),0,3
Pablo Lopez,Modelo Especial,15.5 Gal Keg,25041 Family Association,0,2
Pablo Lopez,Modelo Especial,15.5 Gal Keg,25051 Portuguese Tavern Steak House,0,6
Pablo Lopez,Modelo Negra,1/4 BBL Keg (7.75 Gal),20081 Hacienda (P),0,3
Pablo Lopez,Modelo Negra,1/4 BBL Keg (7.75 Gal),20081 Hacienda (P),0,3
