Sales Rep Assigned,Product Name,Product Num,Brand Family,Customer ID,Customer Name,Buyer Count   2026,Placement Count   2026,Cases   2026
Anthony Palmisano,Lytt Blue Raspberry 1/24/6.8 oz Btl,83056,Lytt,3001,Best Cellars (Wanaque),1.00,1.00,1.00
Anthony Palmisano,Lytt Peach Mango 1/24/6.8 oz Btl,83053,Lytt,3001,Best Cellars (Wanaque),1.00,1.00,1.00
Anthony Palmisano,Lytt Tropical Punch 1/24/6.8 oz Btl,83051,Lytt,3005,Usa Wine Traders (Wanaque),1.00,1.00,1.00
Anthony Palmisano,Lytt Peach Mango 1/24/6.8 oz Btl,83053,Lytt,8008,Shoppers Disc(A)Pompton,1.00,1.00,1.00
Anthony Palmisano,Lytt Long Island Iced Tea 1/24/6.8 oz Btl,83054,Lytt,2003,Ringwood W&L,1.00,1.00,1.00
Anthony Palmisano,Lytt Long Island Iced Tea 1/24/6.8 oz Btl,83054,Lytt,8008,Shoppers Disc(A)Pompton,1.00,1.00,1.00
Anthony Palmisano,Lytt Peach Mango 1/24/6.8 oz Btl,83053,Lytt,6002,Roserne Liquors North,1.00,1.00,0.00
Anthony Palmisano,Lytt Blue Raspberry 1/24/6.8 oz Btl,83056,Lytt,8008,Shoppers Disc(A)Pompton,1.00,1.00,1.00
Anthony Palmisano,Lytt Tropical Punch 1/24/6.8 oz Btl,83051,Lytt,3001,Best Cellars (Wanaque),1.00,1.00,1.00
Anthony Palmisano,Lytt Strawberry Rita 1/24/6.8 oz Btl,83052,Lytt,3001,Best Cellars (Wanaque),1.00,1.00,1.00
Anthony Palmisano,Lytt Blue Raspberry 1/24/6.8 oz Btl,83056,Lytt,2003,Ringwood W&L,1.00,1.00,1.00
Anthony Palmisano,Lytt Long Island Iced Tea 1/24/6.8 oz Btl,83054,Lytt,6002,Roserne Liquors North,1.00,1.00,0.00
Anthony Palmisano,Lytt Strawberry Rita 1/24/6.8 oz Btl,83052,Lytt,2003,Ringwood W&L,1.00,1.00,1.00
Anthony Palmisano,Lytt Strawberry Rita 1/24/6.8 oz Btl,83052,Lytt,6002,Roserne Liquors North,1.00,1.00,0.00
Anthony Palmisano,Lytt Peach Mango 1/24/6.8 oz Btl,83053,Lytt,2003,Ringwood W&L,1.00,1.00,1.00
Anthony Palmisano,Lytt Blue Raspberry 1/24/6.8 oz Btl,83056,Lytt,6002,Roserne Liquors North,1.00,1.00,0.00
Anthony Palmisano,Lytt Long Island Iced Tea 1/24/6.8 oz Btl,83054,Lytt,3001,Best Cellars (Wanaque),1.00,1.00,1.00
Anthony Palmisano,Lytt Long Island Iced Tea 1/24/6.8 oz Btl,83054,Lytt,3005,Usa Wine Traders (Wanaque),1.00,1.00,1.00
Anthony Palmisano,Lytt Grape 1/24/6.8 oz Btl,83055,Lytt,8008,Shoppers Disc(A)Pompton,1.00,1.00,1.00
Anthony Palmisano,Lytt Tropical Punch 1/24/6.8 oz Btl,83051,Lytt,2003,Ringwood W&L,1.00,1.00,1.00
Anthony Palmisano,Lytt Grape 1/24/6.8 oz Btl,83055,Lytt,3001,Best Cellars (Wanaque),1.00,1.00,1.00
Anthony Palmisano,Lytt Tropical Punch 1/24/6.8 oz Btl,83051,Lytt,6002,Roserne Liquors North,1.00,1.00,1.00
Anthony Palmisano,Lytt Blue Raspberry 1/24/6.8 oz Btl,83056,Lytt,3005,Usa Wine Traders (Wanaque),1.00,1.00,1.00
Anthony Palmisano,Lytt Strawberry Rita 1/24/6.8 oz Btl,83052,Lytt,8008,Shoppers Disc(A)Pompton,1.00,1.00,1.00
Anthony Palmisano,Lytt Grape 1/24/6.8 oz Btl,83055,Lytt,2003,Ringwood W&L,1.00,1.00,1.00
Anthony Palmisano,Lytt Grape 1/24/6.8 oz Btl,83055,Lytt,6002,Roserne Liquors North,1.00,1.00,0.00
Anthony Palmisano,Lytt Tropical Punch 1/24/6.8 oz Btl,83051,Lytt,8008,Shoppers Disc(A)Pompton,1.00,1.00,1.00
Chris Payton,Lytt Strawberry Rita 1/24/6.8 oz Btl,83052,Lytt,76015,Discount Liq & Bar,1.00,1.00,2.00
Chris Payton,Lytt Long Island Iced Tea 1/24/6.8 oz Btl,83054,Lytt,78013,J R W & Liq (A),1.00,1.00,1.00
Chris Payton,Lytt Peach Mango 1/24/6.8 oz Btl,83053,Lytt,50007,Welsh Farms,1.00,1.00,1.00
Chris Payton,Lytt Blue Raspberry 1/24/6.8 oz Btl,83056,Lytt,35002,Woodridge Wines & Liq(A),1.00,1.00,1.00
Chris Payton,Lytt Blue Raspberry 1/24/6.8 oz Btl,83056,Lytt,23006,46 Discount Liquor Store,1.00,1.00,1.00
Chris Payton,Lytt Peach Mango 1/24/6.8 oz Btl,83053,Lytt,25045,Clifton Disc Liq (A),1.00,1.00,2.00
Chris Payton,Lytt Peach Mango 1/24/6.8 oz Btl,83053,Lytt,35002,Woodridge Wines & Liq(A),1.00,1.00,1.00
Chris Payton,Lytt Blue Raspberry 1/24/6.8 oz Btl,83056,Lytt,76010,Usa Wine Traders Club (Saddle Brook),1.00,1.00,1.00
Chris Payton,Lytt Strawberry Rita 1/24/6.8 oz Btl,83052,Lytt,47011,Ridgefield Deli & Liq,1.00,1.00,1.00
Chris Payton,Lytt Grape 1/24/6.8 oz Btl,83055,Lytt,76010,Usa Wine Traders Club (Saddle Brook),1.00,1.00,1.00
Chris Payton,Lytt Strawberry Rita 1/24/6.8 oz Btl,83052,Lytt,25045,Clifton Disc Liq (A),1.00,1.00,2.00
Chris Payton,Lytt Peach Mango 1/24/6.8 oz Btl,83053,Lytt,76018,Krauszer Liquor,1.00,1.00,1.00
Chris Payton,Lytt Long Island Iced Tea 1/24/6.8 oz Btl,83054,Lytt,79002,Hollywd Liq&Deli (A),1.00,1.00,1.00
Chris Payton,Lytt Strawberry Rita 1/24/6.8 oz Btl,83052,Lytt,76018,Krauszer Liquor,1.00,1.00,1.00
Chris Payton,Lytt Blue Raspberry 1/24/6.8 oz Btl,83056,Lytt,79004,Coronet Variety,1.00,1.00,1.00
Chris Payton,Lytt Peach Mango 1/24/6.8 oz Btl,83053,Lytt,38017,Quick Stop Food & Liq,1.00,1.00,1.00
Chris Payton,Lytt Grape 1/24/6.8 oz Btl,83055,Lytt,47011,Ridgefield Deli & Liq,1.00,1.00,1.00
Chris Payton,Lytt Tropical Punch 1/24/6.8 oz Btl,83051,Lytt,38017,Quick Stop Food & Liq,1.00,1.00,1.00
Chris Payton,Lytt Grape 1/24/6.8 oz Btl,83055,Lytt,78013,J R W & Liq (A),1.00,1.00,1.00
Chris Payton,Lytt Peach Mango 1/24/6.8 oz Btl,83053,Lytt,79004,Coronet Variety,1.00,1.00,1.00
Chris Payton,Lytt Strawberry Rita 1/24/6.8 oz Btl,83052,Lytt,34009,The Wine Rack Hasbrouck Hts,1.00,1.00,1.00
Chris Payton,Lytt Long Island Iced Tea 1/24/6.8 oz Btl,83054,Lytt,34009,The Wine Rack Hasbrouck Hts,1.00,1.00,1.00
Chris Payton,Lytt Peach Mango 1/24/6.8 oz Btl,83053,Lytt,76010,Usa Wine Traders Club (Saddle Brook),1.00,1.00,1.00
Chris Payton,Lytt Strawberry Rita 1/24/6.8 oz Btl,83052,Lytt,76010,Usa Wine Traders Club (Saddle Brook),1.00,1.00,1.00
Chris Payton,Lytt Peach Mango 1/24/6.8 oz Btl,83053,Lytt,76015,Discount Liq & Bar,1.00,1.00,1.00
Chris Payton,Lytt Tropical Punch 1/24/6.8 oz Btl,83051,Lytt,79002,Hollywd Liq&Deli (A),1.00,1.00,1.00
Chris Payton,Lytt Blue Raspberry 1/24/6.8 oz Btl,83056,Lytt,50007,Welsh Farms,1.00,1.00,1.00
Chris Payton,Lytt Blue Raspberry 1/24/6.8 oz Btl,83056,Lytt,34009,The Wine Rack Hasbrouck Hts,1.00,1.00,1.00
Chris Payton,Lytt Tropical Punch 1/24/6.8 oz Btl,83051,Lytt,78013,J R W & Liq (A),1.00,1.00,1.00
Chris Payton,Lytt Peach Mango 1/24/6.8 oz Btl,83053,Lytt,47011,Ridgefield Deli & Liq,1.00,1.00,1.00
Chris Payton,Lytt Long Island Iced Tea 1/24/6.8 oz Btl,83054,Lytt,76010,Usa Wine Traders Club (Saddle Brook),1.00,1.00,1.00
Chris Payton,Lytt Tropical Punch 1/24/6.8 oz Btl,83051,Lytt,50007,Welsh Farms,1.00,1.00,1.00
Chris Payton,Lytt Blue Raspberry 1/24/6.8 oz Btl,83056,Lytt,76015,Discount Liq & Bar,1.00,1.00,1.00
Chris Payton,Lytt Peach Mango 1/24/6.8 oz Btl,83053,Lytt,47005,Exquisite W & L (A),1.00,1.00,1.00
Chris Payton,Lytt Blue Raspberry 1/24/6.8 oz Btl,83056,Lytt,76018,Krauszer Liquor,1.00,1.00,1.00
Chris Payton,Lytt Tropical Punch 1/24/6.8 oz Btl,83051,Lytt,25045,Clifton Disc Liq (A),1.00,1.00,2.00
Chris Payton,Lytt Tropical Punch 1/24/6.8 oz Btl,83051,Lytt,47011,Ridgefield Deli & Liq,1.00,1.00,1.00
Chris Payton,Lytt Tropical Punch 1/24/6.8 oz Btl,83051,Lytt,76010,Usa Wine Traders Club (Saddle Brook),1.00,1.00,1.00
Chris Payton,Lytt Strawberry Rita 1/24/6.8 oz Btl,83052,Lytt,38017,Quick Stop Food & Liq,1.00,1.00,1.00
Chris Payton,Lytt Tropical Punch 1/24/6.8 oz Btl,83051,Lytt,23006,46 Discount Liquor Store,1.00,1.00,1.00
Chris Payton,Lytt Blue Raspberry 1/24/6.8 oz Btl,83056,Lytt,47005,Exquisite W & L (A),1.00,1.00,1.00
Chris Payton,Lytt Long Island Iced Tea 1/24/6.8 oz Btl,83054,Lytt,76015,Discount Liq & Bar,1.00,1.00,1.00
Chris Payton,Lytt Blue Raspberry 1/24/6.8 oz Btl,83056,Lytt,78013,J R W & Liq (A),1.00,1.00,1.00
Chris Payton,Lytt Strawberry Rita 1/24/6.8 oz Btl,83052,Lytt,35002,Woodridge Wines & Liq(A),1.00,1.00,1.00
Chris Payton,Lytt Tropical Punch 1/24/6.8 oz Btl,83051,Lytt,47005,Exquisite W & L (A),1.00,1.00,1.00
Chris Payton,Lytt Long Island Iced Tea 1/24/6.8 oz Btl,83054,Lytt,47011,Ridgefield Deli & Liq,1.00,1.00,1.00
Chris Payton,Lytt Strawberry Rita 1/24/6.8 oz Btl,83052,Lytt,79004,Coronet Variety,1.00,1.00,1.00
Chris Payton,Lytt Peach Mango 1/24/6.8 oz Btl,83053,Lytt,23006,46 Discount Liquor Store,1.00,1.00,1.00
Chris Payton,Lytt Blue Raspberry 1/24/6.8 oz Btl,83056,Lytt,79002,Hollywd Liq&Deli (A),1.00,1.00,1.00
Chris Payton,Lytt Peach Mango 1/24/6.8 oz Btl,83053,Lytt,78013,J R W & Liq (A),1.00,1.00,1.00
Chris Payton,Lytt Tropical Punch 1/24/6.8 oz Btl,83051,Lytt,76015,Discount Liq & Bar,1.00,1.00,1.00
Chris Payton,Lytt Blue Raspberry 1/24/6.8 oz Btl,83056,Lytt,47011,Ridgefield Deli & Liq,1.00,1.00,1.00
Chris Payton,Lytt Strawberry Rita 1/24/6.8 oz Btl,83052,Lytt,78013,J R W & Liq (A),1.00,1.00,1.00
Dan Lagala,Lytt Blue Raspberry 1/24/6.8 oz Btl,83056,Lytt,44010,Garden State Food&Liq (P),1.00,1.00,1.00
Dan Lagala,Lytt Strawberry Rita 1/24/6.8 oz Btl,83052,Lytt,49027,Linwood Wine-Linwood Plaza,1.00,1.00,2.00
Dan Lagala,Lytt Strawberry Rita 1/24/6.8 oz Btl,83052,Lytt,44016,Liquor City(A)Cliffside,1.00,1.00,1.00
Dan Lagala,Lytt Long Island Iced Tea 1/24/6.8 oz Btl,83054,Lytt,45004,Ridgefield Liq (Z),1.00,1.00,1.00
Dan Lagala,Lytt Long Island Iced Tea 1/24/6.8 oz Btl,83054,Lytt,44002,Wine And Food Mart (Z),1.00,1.00,1.00
Dan Lagala,Lytt Grape 1/24/6.8 oz Btl,83055,Lytt,43005,Rome Liquors (Fairview),1.00,1.00,1.00
Dan Lagala,Lytt Long Island Iced Tea 1/24/6.8 oz Btl,83054,Lytt,44010,Garden State Food&Liq (P),1.00,1.00,1.00
Dan Lagala,Lytt Peach Mango 1/24/6.8 oz Btl,83053,Lytt,49027,Linwood Wine-Linwood Plaza,1.00,1.00,2.00
Dan Lagala,Lytt Blue Raspberry 1/24/6.8 oz Btl,83056,Lytt,44002,Wine And Food Mart (Z),1.00,1.00,1.00
Dan Lagala,Lytt Grape 1/24/6.8 oz Btl,83055,Lytt,44010,Garden State Food&Liq (P),1.00,1.00,1.00
Dan Lagala,Lytt Strawberry Rita 1/24/6.8 oz Btl,83052,Lytt,44010,Garden State Food&Liq (P),1.00,1.00,1.00
Dan Lagala,Lytt Strawberry Rita 1/24/6.8 oz Btl,83052,Lytt,44040,Stop N Go Conven. (P),1.00,1.00,1.00
Dan Lagala,Lytt Blue Raspberry 1/24/6.8 oz Btl,83056,Lytt,45004,Ridgefield Liq (Z),1.00,1.00,1.00
Dan Lagala,Lytt Peach Mango 1/24/6.8 oz Btl,83053,Lytt,45004,Ridgefield Liq (Z),1.00,1.00,1.00
Dan Lagala,Lytt Strawberry Rita 1/24/6.8 oz Btl,83052,Lytt,45004,Ridgefield Liq (Z),1.00,1.00,1.00
Dan Lagala,Lytt Peach Mango 1/24/6.8 oz Btl,83053,Lytt,44010,Garden State Food&Liq (P),1.00,1.00,1.00
Dan Lagala,Lytt Blue Raspberry 1/24/6.8 oz Btl,83056,Lytt,43007,American Classic Liq,1.00,1.00,1.00
Dan Lagala,Lytt Long Island Iced Tea 1/24/6.8 oz Btl,83054,Lytt,43005,Rome Liquors (Fairview),1.00,1.00,1.00
Dan Lagala,Lytt Grape 1/24/6.8 oz Btl,83055,Lytt,43004,Boulevard Liq.(Fairview),1.00,1.00,1.00
Dan Lagala,Lytt Tropical Punch 1/24/6.8 oz Btl,83051,Lytt,49035,Gulf Express Fort Lee,1.00,1.00,1.00
Dan Lagala,Lytt Tropical Punch 1/24/6.8 oz Btl,83051,Lytt,45004,Ridgefield Liq (Z),1.00,1.00,1.00
Dan Lagala,Lytt Strawberry Rita 1/24/6.8 oz Btl,83052,Lytt,44002,Wine And Food Mart (Z),1.00,1.00,1.00
Dan Lagala,Lytt Tropical Punch 1/24/6.8 oz Btl,83051,Lytt,43007,American Classic Liq,1.00,1.00,1.00
Dan Lagala,Lytt Blue Raspberry 1/24/6.8 oz Btl,83056,Lytt,49027,Linwood Wine-Linwood Plaza,1.00,1.00,2.00
Dan Lagala,Lytt Grape 1/24/6.8 oz Btl,83055,Lytt,44002,Wine And Food Mart (Z),1.00,1.00,1.00
Dan Lagala,Lytt Tropical Punch 1/24/6.8 oz Btl,83051,Lytt,44002,Wine And Food Mart (Z),1.00,1.00,1.00
Dan Lagala,Lytt Strawberry Rita 1/24/6.8 oz Btl,83052,Lytt,49035,Gulf Express Fort Lee,1.00,1.00,1.00
Dan Lagala,Lytt Long Island Iced Tea 1/24/6.8 oz Btl,83054,Lytt,49027,Linwood Wine-Linwood Plaza,1.00,1.00,2.00
Dan Lagala,Lytt Blue Raspberry 1/24/6.8 oz Btl,83056,Lytt,43005,Rome Liquors (Fairview),1.00,1.00,1.00
Dan Lagala,Lytt Strawberry Rita 1/24/6.8 oz Btl,83052,Lytt,43007,American Classic Liq,1.00,1.00,1.00
Dan Lagala,Lytt Tropical Punch 1/24/6.8 oz Btl,83051,Lytt,44010,Garden State Food&Liq (P),1.00,1.00,1.00
Dan Lagala,Lytt Blue Raspberry 1/24/6.8 oz Btl,83056,Lytt,49035,Gulf Express Fort Lee,1.00,1.00,1.00
Dan Lagala,Lytt Tropical Punch 1/24/6.8 oz Btl,83051,Lytt,44016,Liquor City(A)Cliffside,1.00,1.00,1.00
Dan Lagala,Lytt Strawberry Rita 1/24/6.8 oz Btl,83052,Lytt,43004,Boulevard Liq.(Fairview),1.00,1.00,1.00
Dan Lagala,Lytt Tropical Punch 1/24/6.8 oz Btl,83051,Lytt,44009,Metro Liquor (Cliffside Park),1.00,1.00,1.00
Dan Lagala,Lytt Grape 1/24/6.8 oz Btl,83055,Lytt,49027,Linwood Wine-Linwood Plaza,1.00,1.00,2.00
Dan Lagala,Lytt Peach Mango 1/24/6.8 oz Btl,83053,Lytt,44009,Metro Liquor (Cliffside Park),1.00,1.00,1.00
Dan Lagala,Lytt Peach Mango 1/24/6.8 oz Btl,83053,Lytt,44002,Wine And Food Mart (Z),1.00,1.00,1.00
Dan Lagala,Lytt Tropical Punch 1/24/6.8 oz Btl,83051,Lytt,49027,Linwood Wine-Linwood Plaza,1.00,1.00,2.00
Dan Lagala,Lytt Peach Mango 1/24/6.8 oz Btl,83053,Lytt,43005,Rome Liquors (Fairview),1.00,1.00,1.00
Dan Lagala,Lytt Long Island Iced Tea 1/24/6.8 oz Btl,83054,Lytt,43004,Boulevard Liq.(Fairview),1.00,1.00,1.00
Dan Lagala,Lytt Blue Raspberry 1/24/6.8 oz Btl,83056,Lytt,44040,Stop N Go Conven. (P),1.00,1.00,1.00
Dan Lagala,Lytt Grape 1/24/6.8 oz Btl,83055,Lytt,45004,Ridgefield Liq (Z),1.00,1.00,1.00
Dan Lagala,Lytt Peach Mango 1/24/6.8 oz Btl,83053,Lytt,43004,Boulevard Liq.(Fairview),1.00,1.00,1.00
Dan Lagala,Lytt Strawberry Rita 1/24/6.8 oz Btl,83052,Lytt,43005,Rome Liquors (Fairview),1.00,1.00,1.00
Dan Lagala,Lytt Tropical Punch 1/24/6.8 oz Btl,83051,Lytt,43004,Boulevard Liq.(Fairview),1.00,1.00,1.00
Dan Lagala,Lytt Blue Raspberry 1/24/6.8 oz Btl,83056,Lytt,43004,Boulevard Liq.(Fairview),1.00,1.00,1.00
Dan Lagala,Lytt Grape 1/24/6.8 oz Btl,83055,Lytt,44040,Stop N Go Conven. (P),1.00,1.00,1.00
Dan Lagala,Lytt Strawberry Rita 1/24/6.8 oz Btl,83052,Lytt,44009,Metro Liquor (Cliffside Park),1.00,1.00,1.00
Dan Lagala,Lytt Blue Raspberry 1/24/6.8 oz Btl,83056,Lytt,44016,Liquor City(A)Cliffside,1.00,1.00,1.00
Dan Lagala,Lytt Tropical Punch 1/24/6.8 oz Btl,83051,Lytt,43005,Rome Liquors (Fairview),1.00,1.00,1.00
Dave Ehlers,Lytt Blue Raspberry 1/24/6.8 oz Btl,83056,Lytt,51012,Teaneck Liquors,1.00,1.00,1.00
Dave Ehlers,Lytt Tropical Punch 1/24/6.8 oz Btl,83051,Lytt,51012,Teaneck Liquors,1.00,1.00,1.00
Dave Ehlers,Lytt Tropical Punch 1/24/6.8 oz Btl,83051,Lytt,57003,Joes Beer Wine & Spirits,1.00,1.00,1.00
Dave Ehlers,Lytt Strawberry Rita 1/24/6.8 oz Btl,83052,Lytt,40022,Buy Rite Of Hackensack,1.00,1.00,1.00
Dave Ehlers,Lytt Long Island Iced Tea 1/24/6.8 oz Btl,83054,Lytt,57003,Joes Beer Wine & Spirits,1.00,1.00,1.00
Dave Ehlers,Lytt Tropical Punch 1/24/6.8 oz Btl,83051,Lytt,39012,Wine And Liq Depot(A),1.00,1.00,1.00
Dave Ehlers,Lytt Strawberry Rita 1/24/6.8 oz Btl,83052,Lytt,51018,Teaneck Discount Liquor,1.00,1.00,1.00
Dave Ehlers,Lytt Tropical Punch 1/24/6.8 oz Btl,83051,Lytt,58001,Total Wine & More (River Edge),1.00,1.00,6.00
Dave Ehlers,Lytt Peach Mango 1/24/6.8 oz Btl,83053,Lytt,52019,W E Beverage (A),1.00,1.00,1.00
Dave Ehlers,Lytt Strawberry Rita 1/24/6.8 oz Btl,83052,Lytt,41005,George's Liq,1.00,1.00,1.00
Dave Ehlers,Lytt Strawberry Rita 1/24/6.8 oz Btl,83052,Lytt,39012,Wine And Liq Depot(A),1.00,1.00,1.00
Dave Ehlers,Lytt Peach Mango 1/24/6.8 oz Btl,83053,Lytt,51018,Teaneck Discount Liquor,1.00,1.00,1.00
Dave Ehlers,Lytt Blue Raspberry 1/24/6.8 oz Btl,83056,Lytt,52019,W E Beverage (A),1.00,1.00,1.00
Dave Ehlers,Lytt Blue Raspberry 1/24/6.8 oz Btl,83056,Lytt,14007,Total Wine & More (Totowa),1.00,1.00,3.00
Dave Ehlers,Lytt Grape 1/24/6.8 oz Btl,83055,Lytt,57006,New Milford Liquors,1.00,1.00,1.00
Dave Ehlers,Lytt Blue Raspberry 1/24/6.8 oz Btl,83056,Lytt,41005,George's Liq,1.00,1.00,1.00
Dave Ehlers,Lytt Blue Raspberry 1/24/6.8 oz Btl,83056,Lytt,40022,Buy Rite Of Hackensack,1.00,1.00,1.00
Dave Ehlers,Lytt Strawberry Rita 1/24/6.8 oz Btl,83052,Lytt,57003,Joes Beer Wine & Spirits,1.00,1.00,1.00
Dave Ehlers,Lytt Blue Raspberry 1/24/6.8 oz Btl,83056,Lytt,52040,Burgundy Convenience Store,1.00,1.00,1.00
Dave Ehlers,Lytt Peach Mango 1/24/6.8 oz Btl,83053,Lytt,57006,New Milford Liquors,1.00,1.00,1.00
Dave Ehlers,Lytt Strawberry Rita 1/24/6.8 oz Btl,83052,Lytt,52040,Burgundy Convenience Store,1.00,1.00,1.00
Dave Ehlers,Lytt Long Island Iced Tea 1/24/6.8 oz Btl,83054,Lytt,40004,Simple Simon's (Z),1.00,1.00,1.00
Dave Ehlers,Lytt Grape 1/24/6.8 oz Btl,83055,Lytt,40022,Buy Rite Of Hackensack,1.00,1.00,1.00
Dave Ehlers,Lytt Peach Mango 1/24/6.8 oz Btl,83053,Lytt,40022,Buy Rite Of Hackensack,1.00,1.00,1.00
Dave Ehlers,Lytt Peach Mango 1/24/6.8 oz Btl,83053,Lytt,58001,Total Wine & More (River Edge),1.00,1.00,6.00
Dave Ehlers,Lytt Grape 1/24/6.8 oz Btl,83055,Lytt,58001,Total Wine & More (River Edge),1.00,1.00,6.00
Dave Ehlers,Lytt Long Island Iced Tea 1/24/6.8 oz Btl,83054,Lytt,41005,George's Liq,1.00,1.00,1.00
Dave Ehlers,Lytt Peach Mango 1/24/6.8 oz Btl,83053,Lytt,57003,Joes Beer Wine & Spirits,1.00,1.00,1.00
Dave Ehlers,Lytt Long Island Iced Tea 1/24/6.8 oz Btl,83054,Lytt,58001,Total Wine & More (River Edge),1.00,1.00,6.00
Dave Ehlers,Lytt Tropical Punch 1/24/6.8 oz Btl,83051,Lytt,40004,Simple Simon's (Z),1.00,1.00,1.00
Dave Ehlers,Lytt Strawberry Rita 1/24/6.8 oz Btl,83052,Lytt,40004,Simple Simon's (Z),1.00,1.00,1.00
Dave Ehlers,Lytt Tropical Punch 1/24/6.8 oz Btl,83051,Lytt,40010,Hackensack Liquors,1.00,1.00,1.00
Dave Ehlers,Lytt Grape 1/24/6.8 oz Btl,83055,Lytt,57003,Joes Beer Wine & Spirits,1.00,1.00,1.00
Dave Ehlers,Lytt Strawberry Rita 1/24/6.8 oz Btl,83052,Lytt,40010,Hackensack Liquors,1.00,1.00,1.00
Dave Ehlers,Lytt Long Island Iced Tea 1/24/6.8 oz Btl,83054,Lytt,40010,Hackensack Liquors,1.00,1.00,1.00
Dave Ehlers,Lytt Blue Raspberry 1/24/6.8 oz Btl,83056,Lytt,58001,Total Wine & More (River Edge),1.00,1.00,6.00
Dave Ehlers,Lytt Long Island Iced Tea 1/24/6.8 oz Btl,83054,Lytt,14007,Total Wine & More (Totowa),1.00,1.00,3.00
Dave Ehlers,Lytt Strawberry Rita 1/24/6.8 oz Btl,83052,Lytt,14007,Total Wine & More (Totowa),1.00,1.00,3.00
Dave Ehlers,Lytt Blue Raspberry 1/24/6.8 oz Btl,83056,Lytt,57006,New Milford Liquors,1.00,1.00,1.00
Dave Ehlers,Lytt Strawberry Rita 1/24/6.8 oz Btl,83052,Lytt,52019,W E Beverage (A),1.00,1.00,1.00
Dave Ehlers,Lytt Peach Mango 1/24/6.8 oz Btl,83053,Lytt,40004,Simple Simon's (Z),1.00,1.00,1.00
Dave Ehlers,Lytt Long Island Iced Tea 1/24/6.8 oz Btl,83054,Lytt,39012,Wine And Liq Depot(A),1.00,1.00,1.00
Dave Ehlers,Lytt Strawberry Rita 1/24/6.8 oz Btl,83052,Lytt,58001,Total Wine & More (River Edge),1.00,1.00,6.00
Dave Ehlers,Lytt Tropical Punch 1/24/6.8 oz Btl,83051,Lytt,40022,Buy Rite Of Hackensack,1.00,1.00,1.00
Dave Ehlers,Lytt Blue Raspberry 1/24/6.8 oz Btl,83056,Lytt,57003,Joes Beer Wine & Spirits,1.00,1.00,1.00
Dave Ehlers,Lytt Strawberry Rita 1/24/6.8 oz Btl,83052,Lytt,51012,Teaneck Liquors,1.00,1.00,1.00
Dave Ehlers,Lytt Grape 1/24/6.8 oz Btl,83055,Lytt,14007,Total Wine & More (Totowa),1.00,1.00,3.00
Dave Ehlers,Lytt Grape 1/24/6.8 oz Btl,83055,Lytt,41005,George's Liq,1.00,1.00,1.00
Dave Ehlers,Lytt Long Island Iced Tea 1/24/6.8 oz Btl,83054,Lytt,57006,New Milford Liquors,1.00,1.00,1.00
Dave Ehlers,Lytt Tropical Punch 1/24/6.8 oz Btl,83051,Lytt,57006,New Milford Liquors,1.00,1.00,1.00
Dave Ehlers,Lytt Blue Raspberry 1/24/6.8 oz Btl,83056,Lytt,40004,Simple Simon's (Z),1.00,1.00,1.00
Dave Ehlers,Lytt Tropical Punch 1/24/6.8 oz Btl,83051,Lytt,14007,Total Wine & More (Totowa),1.00,1.00,3.00
Dave Ehlers,Lytt Peach Mango 1/24/6.8 oz Btl,83053,Lytt,14007,Total Wine & More (Totowa),1.00,1.00,3.00
Dave Ehlers,Lytt Blue Raspberry 1/24/6.8 oz Btl,83056,Lytt,51018,Teaneck Discount Liquor,1.00,1.00,1.00
Dave Ehlers,Lytt Strawberry Rita 1/24/6.8 oz Btl,83052,Lytt,57006,New Milford Liquors,1.00,1.00,1.00
Dave Ehlers,Lytt Peach Mango 1/24/6.8 oz Btl,83053,Lytt,41005,George's Liq,1.00,1.00,1.00
Dave Ehlers,Lytt Long Island Iced Tea 1/24/6.8 oz Btl,83054,Lytt,40022,Buy Rite Of Hackensack,1.00,1.00,1.00
Dave Ehlers,Lytt Grape 1/24/6.8 oz Btl,83055,Lytt,40004,Simple Simon's (Z),1.00,1.00,1.00
Dave Ehlers,Lytt Tropical Punch 1/24/6.8 oz Btl,83051,Lytt,41005,George's Liq,1.00,1.00,1.00
Derrick Laws,Lytt Blue Raspberry 1/24/6.8 oz Btl,83056,Lytt,15020,Angel's Wine & Liquors,1.00,1.00,2.00
Derrick Laws,Lytt Long Island Iced Tea 1/24/6.8 oz Btl,83054,Lytt,15020,Angel's Wine & Liquors,1.00,1.00,2.00
Derrick Laws,Lytt Strawberry Rita 1/24/6.8 oz Btl,83052,Lytt,20025,Mercer Bar & Liquors,1.00,1.00,1.00
Derrick Laws,Lytt Peach Mango 1/24/6.8 oz Btl,83053,Lytt,15013,El Oasis,1.00,1.00,1.00
Derrick Laws,Lytt Blue Raspberry 1/24/6.8 oz Btl,83056,Lytt,21050,Quis Queya Liquor(P),1.00,1.00,1.00
Derrick Laws,Lytt Tropical Punch 1/24/6.8 oz Btl,83051,Lytt,15020,Angel's Wine & Liquors,1.00,1.00,2.00
Derrick Laws,Lytt Strawberry Rita 1/24/6.8 oz Btl,83052,Lytt,20040,Hiciano Liquor Store,1.00,1.00,1.00
Derrick Laws,Lytt Long Island Iced Tea 1/24/6.8 oz Btl,83054,Lytt,15023,Santana's Sport(P)Bella,1.00,1.00,1.00
Derrick Laws,Lytt Long Island Iced Tea 1/24/6.8 oz Btl,83054,Lytt,20080,Raphael & Angel Liq (A),1.00,1.00,1.00
Derrick Laws,Lytt Grape 1/24/6.8 oz Btl,83055,Lytt,20080,Raphael & Angel Liq (A),1.00,1.00,1.00
Derrick Laws,Lytt Grape 1/24/6.8 oz Btl,83055,Lytt,15037,Liquor Gallery (Paterson),1.00,1.00,1.00
Derrick Laws,Lytt Strawberry Rita 1/24/6.8 oz Btl,83052,Lytt,15023,Santana's Sport(P)Bella,1.00,1.00,1.00
Derrick Laws,Lytt Blue Raspberry 1/24/6.8 oz Btl,83056,Lytt,23004,Shop Rite Wines/Spirits,1.00,1.00,1.00
Derrick Laws,Lytt Peach Mango 1/24/6.8 oz Btl,83053,Lytt,20080,Raphael & Angel Liq (A),1.00,1.00,1.00
Derrick Laws,Lytt Blue Raspberry 1/24/6.8 oz Btl,83056,Lytt,21048,Ferraro's Liquor,1.00,1.00,1.00
Derrick Laws,Lytt Tropical Punch 1/24/6.8 oz Btl,83051,Lytt,15023,Santana's Sport(P)Bella,1.00,1.00,1.00
Derrick Laws,Lytt Grape 1/24/6.8 oz Btl,83055,Lytt,23004,Shop Rite Wines/Spirits,1.00,1.00,1.00
Derrick Laws,Lytt Grape 1/24/6.8 oz Btl,83055,Lytt,20025,Mercer Bar & Liquors,1.00,1.00,1.00
Derrick Laws,Lytt Grape 1/24/6.8 oz Btl,83055,Lytt,21050,Quis Queya Liquor(P),1.00,1.00,1.00
Derrick Laws,Lytt Long Island Iced Tea 1/24/6.8 oz Btl,83054,Lytt,21048,Ferraro's Liquor,1.00,1.00,1.00
Derrick Laws,Lytt Grape 1/24/6.8 oz Btl,83055,Lytt,15020,Angel's Wine & Liquors,1.00,1.00,2.00
Derrick Laws,Lytt Peach Mango 1/24/6.8 oz Btl,83053,Lytt,15023,Santana's Sport(P)Bella,1.00,1.00,1.00
Derrick Laws,Lytt Tropical Punch 1/24/6.8 oz Btl,83051,Lytt,15013,El Oasis,1.00,1.00,1.00
Derrick Laws,Lytt Strawberry Rita 1/24/6.8 oz Btl,83052,Lytt,15020,Angel's Wine & Liquors,1.00,1.00,2.00
Derrick Laws,Lytt Tropical Punch 1/24/6.8 oz Btl,83051,Lytt,20080,Raphael & Angel Liq (A),1.00,1.00,1.00
Derrick Laws,Lytt Blue Raspberry 1/24/6.8 oz Btl,83056,Lytt,15013,El Oasis,1.00,1.00,1.00
Derrick Laws,Lytt Peach Mango 1/24/6.8 oz Btl,83053,Lytt,21048,Ferraro's Liquor,1.00,1.00,1.00
Derrick Laws,Lytt Long Island Iced Tea 1/24/6.8 oz Btl,83054,Lytt,20025,Mercer Bar & Liquors,1.00,1.00,1.00
Derrick Laws,Lytt Blue Raspberry 1/24/6.8 oz Btl,83056,Lytt,20080,Raphael & Angel Liq (A),1.00,1.00,1.00
Derrick Laws,Lytt Peach Mango 1/24/6.8 oz Btl,83053,Lytt,21050,Quis Queya Liquor(P),1.00,1.00,1.00
Derrick Laws,Lytt Tropical Punch 1/24/6.8 oz Btl,83051,Lytt,21048,Ferraro's Liquor,1.00,1.00,1.00
Derrick Laws,Lytt Tropical Punch 1/24/6.8 oz Btl,83051,Lytt,23004,Shop Rite Wines/Spirits,1.00,1.00,1.00
Derrick Laws,Lytt Peach Mango 1/24/6.8 oz Btl,83053,Lytt,20025,Mercer Bar & Liquors,1.00,1.00,1.00
Derrick Laws,Lytt Strawberry Rita 1/24/6.8 oz Btl,83052,Lytt,23004,Shop Rite Wines/Spirits,1.00,1.00,1.00
Derrick Laws,Lytt Blue Raspberry 1/24/6.8 oz Btl,83056,Lytt,13001,Shop Rite Liq (A)Littlefl,1.00,1.00,2.00
Derrick Laws,Lytt Long Island Iced Tea 1/24/6.8 oz Btl,83054,Lytt,20040,Hiciano Liquor Store,1.00,1.00,1.00
Derrick Laws,Lytt Long Island Iced Tea 1/24/6.8 oz Btl,83054,Lytt,15037,Liquor Gallery (Paterson),1.00,1.00,1.00
Derrick Laws,Lytt Tropical Punch 1/24/6.8 oz Btl,83051,Lytt,22022,C Town (A),1.00,1.00,1.00
Derrick Laws,Lytt Strawberry Rita 1/24/6.8 oz Btl,83052,Lytt,20080,Raphael & Angel Liq (A),1.00,1.00,1.00
Derrick Laws,Lytt Strawberry Rita 1/24/6.8 oz Btl,83052,Lytt,21048,Ferraro's Liquor,1.00,1.00,1.00
Derrick Laws,Lytt Long Island Iced Tea 1/24/6.8 oz Btl,83054,Lytt,15013,El Oasis,1.00,1.00,1.00
Derrick Laws,Lytt Strawberry Rita 1/24/6.8 oz Btl,83052,Lytt,15013,El Oasis,1.00,1.00,1.00
Derrick Laws,Lytt Tropical Punch 1/24/6.8 oz Btl,83051,Lytt,21050,Quis Queya Liquor(P),1.00,1.00,1.00
Derrick Laws,Lytt Strawberry Rita 1/24/6.8 oz Btl,83052,Lytt,21050,Quis Queya Liquor(P),1.00,1.00,1.00
Derrick Laws,Lytt Peach Mango 1/24/6.8 oz Btl,83053,Lytt,23004,Shop Rite Wines/Spirits,1.00,1.00,1.00
Derrick Laws,Lytt Strawberry Rita 1/24/6.8 oz Btl,83052,Lytt,13001,Shop Rite Liq (A)Littlefl,1.00,1.00,2.00
Derrick Laws,Lytt Long Island Iced Tea 1/24/6.8 oz Btl,83054,Lytt,13001,Shop Rite Liq (A)Littlefl,1.00,1.00,2.00
Derrick Laws,Lytt Long Island Iced Tea 1/24/6.8 oz Btl,83054,Lytt,21050,Quis Queya Liquor(P),1.00,1.00,1.00
Derrick Laws,Lytt Long Island Iced Tea 1/24/6.8 oz Btl,83054,Lytt,22022,C Town (A),1.00,1.00,1.00
Derrick Laws,Lytt Long Island Iced Tea 1/24/6.8 oz Btl,83054,Lytt,23004,Shop Rite Wines/Spirits,1.00,1.00,1.00
Derrick Laws,Lytt Grape 1/24/6.8 oz Btl,83055,Lytt,15013,El Oasis,1.00,1.00,1.00
Derrick Laws,Lytt Strawberry Rita 1/24/6.8 oz Btl,83052,Lytt,15037,Liquor Gallery (Paterson),1.00,1.00,1.00
Derrick Laws,Lytt Blue Raspberry 1/24/6.8 oz Btl,83056,Lytt,20025,Mercer Bar & Liquors,1.00,1.00,1.00
Derrick Laws,Lytt Grape 1/24/6.8 oz Btl,83055,Lytt,15023,Santana's Sport(P)Bella,1.00,1.00,1.00
Derrick Laws,Lytt Peach Mango 1/24/6.8 oz Btl,83053,Lytt,15020,Angel's Wine & Liquors,1.00,1.00,2.00
Derrick Laws,Lytt Peach Mango 1/24/6.8 oz Btl,83053,Lytt,22022,C Town (A),1.00,1.00,1.00
Derrick Laws,Lytt Tropical Punch 1/24/6.8 oz Btl,83051,Lytt,15037,Liquor Gallery (Paterson),1.00,1.00,1.00
Derrick Laws,Lytt Grape 1/24/6.8 oz Btl,83055,Lytt,21048,Ferraro's Liquor,1.00,1.00,1.00
Derrick Laws,Lytt Peach Mango 1/24/6.8 oz Btl,83053,Lytt,15037,Liquor Gallery (Paterson),1.00,1.00,1.00
Derrick Laws,Lytt Blue Raspberry 1/24/6.8 oz Btl,83056,Lytt,15037,Liquor Gallery (Paterson),1.00,1.00,1.00
Derrick Laws,Lytt Tropical Punch 1/24/6.8 oz Btl,83051,Lytt,20025,Mercer Bar & Liquors,1.00,1.00,1.00
Derrick Laws,Lytt Blue Raspberry 1/24/6.8 oz Btl,83056,Lytt,20040,Hiciano Liquor Store,1.00,1.00,1.00
Derrick Laws,Lytt Blue Raspberry 1/24/6.8 oz Btl,83056,Lytt,15023,Santana's Sport(P)Bella,1.00,1.00,1.00
Javier Melo,Lytt Strawberry Rita 1/24/6.8 oz Btl,83052,Lytt,21026,C Town Supermarket(P),1.00,1.00,1.00
Javier Melo,Lytt Strawberry Rita 1/24/6.8 oz Btl,83052,Lytt,20056,East Side Bar Liquors,1.00,1.00,1.00
Javier Melo,Lytt Tropical Punch 1/24/6.8 oz Btl,83051,Lytt,21044,Farm Boy,1.00,1.00,1.00
Javier Melo,Lytt Peach Mango 1/24/6.8 oz Btl,83053,Lytt,21044,Farm Boy,1.00,1.00,1.00
Javier Melo,Lytt Peach Mango 1/24/6.8 oz Btl,83053,Lytt,20056,East Side Bar Liquors,1.00,1.00,1.00
Javier Melo,Lytt Long Island Iced Tea 1/24/6.8 oz Btl,83054,Lytt,21026,C Town Supermarket(P),1.00,1.00,1.00
Javier Melo,Lytt Long Island Iced Tea 1/24/6.8 oz Btl,83054,Lytt,15059,Belmont Liqrs (P),1.00,1.00,1.00
Javier Melo,Lytt Peach Mango 1/24/6.8 oz Btl,83053,Lytt,20069,Segundo's (P),1.00,1.00,1.00
Javier Melo,Lytt Long Island Iced Tea 1/24/6.8 oz Btl,83054,Lytt,20056,East Side Bar Liquors,1.00,1.00,1.00
Javier Melo,Lytt Tropical Punch 1/24/6.8 oz Btl,83051,Lytt,20056,East Side Bar Liquors,1.00,1.00,0.00
Javier Melo,Lytt Grape 1/24/6.8 oz Btl,83055,Lytt,21026,C Town Supermarket(P),1.00,1.00,1.00
Javier Melo,Lytt Long Island Iced Tea 1/24/6.8 oz Btl,83054,Lytt,27002,President Liqrs (A),1.00,1.00,1.00
Javier Melo,Lytt Blue Raspberry 1/24/6.8 oz Btl,83056,Lytt,21026,C Town Supermarket(P),1.00,1.00,1.00
Javier Melo,Lytt Tropical Punch 1/24/6.8 oz Btl,83051,Lytt,15059,Belmont Liqrs (P),1.00,1.00,1.00
Javier Melo,Lytt Strawberry Rita 1/24/6.8 oz Btl,83052,Lytt,20069,Segundo's (P),1.00,1.00,1.00
Javier Melo,Lytt Long Island Iced Tea 1/24/6.8 oz Btl,83054,Lytt,20069,Segundo's (P),1.00,1.00,1.00
Javier Melo,Lytt Long Island Iced Tea 1/24/6.8 oz Btl,83054,Lytt,21044,Farm Boy,1.00,1.00,1.00
Javier Melo,Lytt Peach Mango 1/24/6.8 oz Btl,83053,Lytt,21026,C Town Supermarket(P),1.00,1.00,1.00
Javier Melo,Lytt Peach Mango 1/24/6.8 oz Btl,83053,Lytt,27012,ESTEVEZ LIQUORS LLC,1.00,1.00,1.00
Javier Melo,Lytt Blue Raspberry 1/24/6.8 oz Btl,83056,Lytt,20069,Segundo's (P),1.00,1.00,1.00
Javier Melo,Lytt Long Island Iced Tea 1/24/6.8 oz Btl,83054,Lytt,25047,Parker Liquors (Z),1.00,1.00,1.00
Javier Melo,Lytt Strawberry Rita 1/24/6.8 oz Btl,83052,Lytt,21044,Farm Boy,1.00,1.00,1.00
Javier Melo,Lytt Tropical Punch 1/24/6.8 oz Btl,83051,Lytt,20069,Segundo's (P),1.00,1.00,1.00
Javier Melo,Lytt Strawberry Rita 1/24/6.8 oz Btl,83052,Lytt,15059,Belmont Liqrs (P),1.00,1.00,1.00
Javier Melo,Lytt Grape 1/24/6.8 oz Btl,83055,Lytt,21044,Farm Boy,1.00,1.00,1.00
Javier Melo,Lytt Blue Raspberry 1/24/6.8 oz Btl,83056,Lytt,21044,Farm Boy,1.00,1.00,1.00
Javier Melo,Lytt Grape 1/24/6.8 oz Btl,83055,Lytt,20069,Segundo's (P),1.00,1.00,1.00
Javier Melo,Lytt Tropical Punch 1/24/6.8 oz Btl,83051,Lytt,21026,C Town Supermarket(P),1.00,1.00,1.00
Jayson Romine,Lytt Long Island Iced Tea 1/24/6.8 oz Btl,83054,Lytt,230427,ShopRite Wine & Spirits of Newton#830,1.00,1.00,1.00
Jayson Romine,Lytt Blue Raspberry 1/24/6.8 oz Btl,83056,Lytt,191010,Liquor Factory II Jefferson,1.00,1.00,1.00
Jayson Romine,Lytt Tropical Punch 1/24/6.8 oz Btl,83051,Lytt,230105,ShopRite Wines & Spirits of Sparta,1.00,1.00,1.00
Jayson Romine,Lytt Strawberry Rita 1/24/6.8 oz Btl,83052,Lytt,230911,The Right Bottle,1.00,1.00,1.00
Jayson Romine,Lytt Blue Raspberry 1/24/6.8 oz Btl,83056,Lytt,231215,Mac & Lindy's W & S (A),1.00,1.00,1.00
Jayson Romine,Lytt Tropical Punch 1/24/6.8 oz Btl,83051,Lytt,230441,Wine Country Newton,1.00,1.00,1.00
Jayson Romine,Lytt Blue Raspberry 1/24/6.8 oz Btl,83056,Lytt,230441,Wine Country Newton,1.00,1.00,1.00
Jayson Romine,Lytt Grape 1/24/6.8 oz Btl,83055,Lytt,230427,ShopRite Wine & Spirits of Newton#830,1.00,1.00,1.00
Jayson Romine,Lytt Long Island Iced Tea 1/24/6.8 oz Btl,83054,Lytt,230441,Wine Country Newton,1.00,1.00,1.00
Jayson Romine,Lytt Tropical Punch 1/24/6.8 oz Btl,83051,Lytt,191010,Liquor Factory II Jefferson,1.00,1.00,1.00
Jayson Romine,Lytt Strawberry Rita 1/24/6.8 oz Btl,83052,Lytt,191302,Liquor Factory I Landing,1.00,1.00,1.00
Jayson Romine,Lytt Tropical Punch 1/24/6.8 oz Btl,83051,Lytt,191408,Super Saver Liq,1.00,1.00,1.00
Jayson Romine,Lytt Blue Raspberry 1/24/6.8 oz Btl,83056,Lytt,230427,ShopRite Wine & Spirits of Newton#830,1.00,1.00,1.00
Jayson Romine,Lytt Strawberry Rita 1/24/6.8 oz Btl,83052,Lytt,191408,Super Saver Liq,1.00,1.00,1.00
Jayson Romine,Lytt Grape 1/24/6.8 oz Btl,83055,Lytt,191302,Liquor Factory I Landing,1.00,1.00,1.00
Jayson Romine,Lytt Blue Raspberry 1/24/6.8 oz Btl,83056,Lytt,230905,ShopRite Wines & Spirits of Franklin,1.00,1.00,1.00
Jayson Romine,Lytt Strawberry Rita 1/24/6.8 oz Btl,83052,Lytt,231316,Patricks Wine Barn,1.00,1.00,1.00
Jayson Romine,Lytt Peach Mango 1/24/6.8 oz Btl,83053,Lytt,191302,Liquor Factory I Landing,1.00,1.00,1.00
Jayson Romine,Lytt Peach Mango 1/24/6.8 oz Btl,83053,Lytt,230412,USA Wine Traders Club Of Newton (A),1.00,1.00,1.00
Jayson Romine,Lytt Strawberry Rita 1/24/6.8 oz Btl,83052,Lytt,191010,Liquor Factory II Jefferson,1.00,1.00,1.00
Jayson Romine,Lytt Tropical Punch 1/24/6.8 oz Btl,83051,Lytt,230905,ShopRite Wines & Spirits of Franklin,1.00,1.00,1.00
Jayson Romine,Lytt Tropical Punch 1/24/6.8 oz Btl,83051,Lytt,231316,Patricks Wine Barn,1.00,1.00,1.00
Jayson Romine,Lytt Peach Mango 1/24/6.8 oz Btl,83053,Lytt,230105,ShopRite Wines & Spirits of Sparta,1.00,1.00,1.00
Jayson Romine,Lytt Grape 1/24/6.8 oz Btl,83055,Lytt,230905,ShopRite Wines & Spirits of Franklin,1.00,1.00,1.00
Jayson Romine,Lytt Peach Mango 1/24/6.8 oz Btl,83053,Lytt,230911,The Right Bottle,1.00,1.00,1.00
Jayson Romine,Lytt Strawberry Rita 1/24/6.8 oz Btl,83052,Lytt,230905,ShopRite Wines & Spirits of Franklin,1.00,1.00,1.00
Jayson Romine,Lytt Strawberry Rita 1/24/6.8 oz Btl,83052,Lytt,230441,Wine Country Newton,1.00,1.00,1.00
Jayson Romine,Lytt Grape 1/24/6.8 oz Btl,83055,Lytt,230412,USA Wine Traders Club Of Newton (A),1.00,1.00,1.00
Jayson Romine,Lytt Grape 1/24/6.8 oz Btl,83055,Lytt,230441,Wine Country Newton,1.00,1.00,1.00
Jayson Romine,Lytt Long Island Iced Tea 1/24/6.8 oz Btl,83054,Lytt,230905,ShopRite Wines & Spirits of Franklin,1.00,1.00,1.00
Jayson Romine,Lytt Blue Raspberry 1/24/6.8 oz Btl,83056,Lytt,230412,USA Wine Traders Club Of Newton (A),1.00,1.00,1.00
Jayson Romine,Lytt Peach Mango 1/24/6.8 oz Btl,83053,Lytt,230905,ShopRite Wines & Spirits of Franklin,1.00,1.00,1.00
Jayson Romine,Lytt Long Island Iced Tea 1/24/6.8 oz Btl,83054,Lytt,191010,Liquor Factory II Jefferson,1.00,1.00,1.00
Jayson Romine,Lytt Strawberry Rita 1/24/6.8 oz Btl,83052,Lytt,230427,ShopRite Wine & Spirits of Newton#830,1.00,1.00,1.00
Jayson Romine,Lytt Grape 1/24/6.8 oz Btl,83055,Lytt,231316,Patricks Wine Barn,1.00,1.00,1.00
Jayson Romine,Lytt Long Island Iced Tea 1/24/6.8 oz Btl,83054,Lytt,191302,Liquor Factory I Landing,1.00,1.00,1.00
Jayson Romine,Lytt Peach Mango 1/24/6.8 oz Btl,83053,Lytt,231316,Patricks Wine Barn,1.00,1.00,1.00
Jayson Romine,Lytt Long Island Iced Tea 1/24/6.8 oz Btl,83054,Lytt,230105,ShopRite Wines & Spirits of Sparta,1.00,1.00,1.00
Jayson Romine,Lytt Peach Mango 1/24/6.8 oz Btl,83053,Lytt,230441,Wine Country Newton,1.00,1.00,1.00
Jayson Romine,Lytt Strawberry Rita 1/24/6.8 oz Btl,83052,Lytt,230105,ShopRite Wines & Spirits of Sparta,1.00,1.00,1.00
Jayson Romine,Lytt Grape 1/24/6.8 oz Btl,83055,Lytt,230105,ShopRite Wines & Spirits of Sparta,1.00,1.00,1.00
Jayson Romine,Lytt Long Island Iced Tea 1/24/6.8 oz Btl,83054,Lytt,231316,Patricks Wine Barn,1.00,1.00,1.00
Jayson Romine,Lytt Strawberry Rita 1/24/6.8 oz Btl,83052,Lytt,231215,Mac & Lindy's W & S (A),1.00,1.00,1.00
Jayson Romine,Lytt Peach Mango 1/24/6.8 oz Btl,83053,Lytt,191010,Liquor Factory II Jefferson,1.00,1.00,1.00
Jayson Romine,Lytt Grape 1/24/6.8 oz Btl,83055,Lytt,230911,The Right Bottle,1.00,1.00,1.00
Jayson Romine,Lytt Blue Raspberry 1/24/6.8 oz Btl,83056,Lytt,191408,Super Saver Liq,1.00,1.00,1.00
Jayson Romine,Lytt Grape 1/24/6.8 oz Btl,83055,Lytt,191010,Liquor Factory II Jefferson,1.00,1.00,1.00
Jayson Romine,Lytt Long Island Iced Tea 1/24/6.8 oz Btl,83054,Lytt,230911,The Right Bottle,1.00,1.00,1.00
Jayson Romine,Lytt Long Island Iced Tea 1/24/6.8 oz Btl,83054,Lytt,230412,USA Wine Traders Club Of Newton (A),1.00,1.00,1.00
Jayson Romine,Lytt Tropical Punch 1/24/6.8 oz Btl,83051,Lytt,230412,USA Wine Traders Club Of Newton (A),1.00,1.00,1.00
Jayson Romine,Lytt Blue Raspberry 1/24/6.8 oz Btl,83056,Lytt,230105,ShopRite Wines & Spirits of Sparta,1.00,1.00,1.00
Jayson Romine,Lytt Tropical Punch 1/24/6.8 oz Btl,83051,Lytt,230911,The Right Bottle,1.00,1.00,1.00
Jayson Romine,Lytt Strawberry Rita 1/24/6.8 oz Btl,83052,Lytt,230412,USA Wine Traders Club Of Newton (A),1.00,1.00,1.00
Jayson Romine,Lytt Tropical Punch 1/24/6.8 oz Btl,83051,Lytt,231215,Mac & Lindy's W & S (A),1.00,1.00,1.00
Jayson Romine,Lytt Blue Raspberry 1/24/6.8 oz Btl,83056,Lytt,231316,Patricks Wine Barn,1.00,1.00,1.00
Jayson Romine,Lytt Tropical Punch 1/24/6.8 oz Btl,83051,Lytt,230427,ShopRite Wine & Spirits of Newton#830,1.00,1.00,1.00
Jayson Romine,Lytt Blue Raspberry 1/24/6.8 oz Btl,83056,Lytt,191302,Liquor Factory I Landing,1.00,1.00,1.00
Jayson Romine,Lytt Peach Mango 1/24/6.8 oz Btl,83053,Lytt,230427,ShopRite Wine & Spirits of Newton#830,1.00,1.00,1.00
Jayson Romine,Lytt Tropical Punch 1/24/6.8 oz Btl,83051,Lytt,191302,Liquor Factory I Landing,1.00,1.00,1.00
Jayson Romine,Lytt Blue Raspberry 1/24/6.8 oz Btl,83056,Lytt,230911,The Right Bottle,1.00,1.00,1.00
Jim Heaney,Lytt Tropical Punch 1/24/6.8 oz Btl,83051,Lytt,28012,Lucky 7 (A),1.00,1.00,1.00
Jim Heaney,Lytt Blue Raspberry 1/24/6.8 oz Btl,83056,Lytt,13017,On The Rocks,1.00,1.00,1.00
Jim Heaney,Lytt Peach Mango 1/24/6.8 oz Btl,83053,Lytt,29009,Quick Buy,1.00,1.00,1.00
Jim Heaney,Lytt Blue Raspberry 1/24/6.8 oz Btl,83056,Lytt,29003,Liquor Shed,1.00,1.00,1.00
Jim Heaney,Lytt Tropical Punch 1/24/6.8 oz Btl,83051,Lytt,24017,Rainbow Liquor (P),1.00,1.00,1.00
Jim Heaney,Lytt Long Island Iced Tea 1/24/6.8 oz Btl,83054,Lytt,28012,Lucky 7 (A),1.00,1.00,1.00
Jim Heaney,Lytt Blue Raspberry 1/24/6.8 oz Btl,83056,Lytt,13008,Little Falls Liq(P),1.00,1.00,1.00
Jim Heaney,Lytt Tropical Punch 1/24/6.8 oz Btl,83051,Lytt,24014,Bottleneck Liquors,1.00,1.00,1.00
Jim Heaney,Lytt Blue Raspberry 1/24/6.8 oz Btl,83056,Lytt,29013,Lyndhurst Liquors (P),1.00,1.00,1.00
Jim Heaney,Lytt Long Island Iced Tea 1/24/6.8 oz Btl,83054,Lytt,24016,Broad Liquors (A),1.00,1.00,1.00
Jim Heaney,Lytt Peach Mango 1/24/6.8 oz Btl,83053,Lytt,13017,On The Rocks,1.00,1.00,1.00
Jim Heaney,Lytt Tropical Punch 1/24/6.8 oz Btl,83051,Lytt,24009,Quik Stop Conv(Z),1.00,1.00,1.00
Jim Heaney,Lytt Tropical Punch 1/24/6.8 oz Btl,83051,Lytt,25031,Lexington Liquors (Z),1.00,1.00,1.00
Jim Heaney,Lytt Peach Mango 1/24/6.8 oz Btl,83053,Lytt,24016,Broad Liquors (A),1.00,1.00,1.00
Jim Heaney,Lytt Peach Mango 1/24/6.8 oz Btl,83053,Lytt,25008,Clifton Commons S & W,1.00,1.00,1.00
Jim Heaney,Lytt Long Island Iced Tea 1/24/6.8 oz Btl,83054,Lytt,29013,Lyndhurst Liquors (P),1.00,1.00,1.00
Jim Heaney,Lytt Blue Raspberry 1/24/6.8 oz Btl,83056,Lytt,25008,Clifton Commons S & W,1.00,1.00,1.00
Jim Heaney,Lytt Strawberry Rita 1/24/6.8 oz Btl,83052,Lytt,28012,Lucky 7 (A),1.00,1.00,1.00
Jim Heaney,Lytt Peach Mango 1/24/6.8 oz Btl,83053,Lytt,23002,Valley Liquors (A),1.00,1.00,2.00
Jim Heaney,Lytt Blue Raspberry 1/24/6.8 oz Btl,83056,Lytt,24009,Quik Stop Conv(Z),1.00,1.00,1.00
Jim Heaney,Lytt Long Island Iced Tea 1/24/6.8 oz Btl,83054,Lytt,13008,Little Falls Liq(P),1.00,1.00,1.00
Jim Heaney,Lytt Tropical Punch 1/24/6.8 oz Btl,83051,Lytt,23002,Valley Liquors (A),1.00,1.00,1.00
Jim Heaney,Lytt Tropical Punch 1/24/6.8 oz Btl,83051,Lytt,24002,Swizzle Stick Liq (A),1.00,1.00,1.00
Jim Heaney,Lytt Blue Raspberry 1/24/6.8 oz Btl,83056,Lytt,24002,Swizzle Stick Liq (A),1.00,1.00,2.00
Jim Heaney,Lytt Strawberry Rita 1/24/6.8 oz Btl,83052,Lytt,29003,Liquor Shed,1.00,1.00,1.00
Jim Heaney,Lytt Grape 1/24/6.8 oz Btl,83055,Lytt,25008,Clifton Commons S & W,1.00,1.00,1.00
Jim Heaney,Lytt Blue Raspberry 1/24/6.8 oz Btl,83056,Lytt,24012,Dante's Liquor & Wine,1.00,1.00,1.00
Jim Heaney,Lytt Tropical Punch 1/24/6.8 oz Btl,83051,Lytt,13017,On The Rocks,1.00,1.00,1.00
Jim Heaney,Lytt Grape 1/24/6.8 oz Btl,83055,Lytt,29011,World of Wine & Liquor,1.00,1.00,1.00
Jim Heaney,Lytt Strawberry Rita 1/24/6.8 oz Btl,83052,Lytt,24009,Quik Stop Conv(Z),1.00,1.00,1.00
Jim Heaney,Lytt Blue Raspberry 1/24/6.8 oz Btl,83056,Lytt,28012,Lucky 7 (A),1.00,1.00,1.00
Jim Heaney,Lytt Peach Mango 1/24/6.8 oz Btl,83053,Lytt,24009,Quik Stop Conv(Z),1.00,1.00,1.00
Jim Heaney,Lytt Blue Raspberry 1/24/6.8 oz Btl,83056,Lytt,25031,Lexington Liquors (Z),1.00,1.00,1.00
Jim Heaney,Lytt Strawberry Rita 1/24/6.8 oz Btl,83052,Lytt,23002,Valley Liquors (A),1.00,1.00,1.00
Jim Heaney,Lytt Grape 1/24/6.8 oz Btl,83055,Lytt,24009,Quik Stop Conv(Z),1.00,1.00,1.00
Jim Heaney,Lytt Grape 1/24/6.8 oz Btl,83055,Lytt,24016,Broad Liquors (A),1.00,1.00,1.00
Jim Heaney,Lytt Long Island Iced Tea 1/24/6.8 oz Btl,83054,Lytt,25008,Clifton Commons S & W,1.00,1.00,1.00
Jim Heaney,Lytt Strawberry Rita 1/24/6.8 oz Btl,83052,Lytt,24002,Swizzle Stick Liq (A),1.00,1.00,1.00
Jim Heaney,Lytt Peach Mango 1/24/6.8 oz Btl,83053,Lytt,29011,World of Wine & Liquor,1.00,1.00,1.00
Jim Heaney,Lytt Grape 1/24/6.8 oz Btl,83055,Lytt,29013,Lyndhurst Liquors (P),1.00,1.00,1.00
Jim Heaney,Lytt Peach Mango 1/24/6.8 oz Btl,83053,Lytt,28012,Lucky 7 (A),1.00,1.00,1.00
Jim Heaney,Lytt Long Island Iced Tea 1/24/6.8 oz Btl,83054,Lytt,29009,Quick Buy,1.00,1.00,1.00
Jim Heaney,Lytt Strawberry Rita 1/24/6.8 oz Btl,83052,Lytt,29009,Quick Buy,1.00,1.00,1.00
Jim Heaney,Lytt Grape 1/24/6.8 oz Btl,83055,Lytt,13008,Little Falls Liq(P),1.00,1.00,1.00
Jim Heaney,Lytt Grape 1/24/6.8 oz Btl,83055,Lytt,29009,Quick Buy,1.00,1.00,1.00
Jim Heaney,Lytt Long Island Iced Tea 1/24/6.8 oz Btl,83054,Lytt,24017,Rainbow Liquor (P),1.00,1.00,1.00
Jim Heaney,Lytt Tropical Punch 1/24/6.8 oz Btl,83051,Lytt,25008,Clifton Commons S & W,1.00,1.00,1.00
Jim Heaney,Lytt Tropical Punch 1/24/6.8 oz Btl,83051,Lytt,29013,Lyndhurst Liquors (P),1.00,1.00,1.00
Jim Heaney,Lytt Long Island Iced Tea 1/24/6.8 oz Btl,83054,Lytt,24009,Quik Stop Conv(Z),1.00,1.00,1.00
Jim Heaney,Lytt Blue Raspberry 1/24/6.8 oz Btl,83056,Lytt,23002,Valley Liquors (A),1.00,1.00,2.00
Jim Heaney,Lytt Grape 1/24/6.8 oz Btl,83055,Lytt,24017,Rainbow Liquor (P),1.00,1.00,1.00
Jim Heaney,Lytt Blue Raspberry 1/24/6.8 oz Btl,83056,Lytt,24017,Rainbow Liquor (P),1.00,1.00,1.00
Jim Heaney,Lytt Tropical Punch 1/24/6.8 oz Btl,83051,Lytt,24016,Broad Liquors (A),1.00,1.00,1.00
Jim Heaney,Lytt Tropical Punch 1/24/6.8 oz Btl,83051,Lytt,29009,Quick Buy,1.00,1.00,1.00
Jim Heaney,Lytt Peach Mango 1/24/6.8 oz Btl,83053,Lytt,13008,Little Falls Liq(P),1.00,1.00,1.00
Jim Heaney,Lytt Strawberry Rita 1/24/6.8 oz Btl,83052,Lytt,24014,Bottleneck Liquors,1.00,1.00,1.00
Jim Heaney,Lytt Blue Raspberry 1/24/6.8 oz Btl,83056,Lytt,29011,World of Wine & Liquor,1.00,1.00,1.00
Jim Heaney,Lytt Blue Raspberry 1/24/6.8 oz Btl,83056,Lytt,29009,Quick Buy,1.00,1.00,1.00
Jim Heaney,Lytt Tropical Punch 1/24/6.8 oz Btl,83051,Lytt,29011,World of Wine & Liquor,1.00,1.00,1.00
Jim Heaney,Lytt Blue Raspberry 1/24/6.8 oz Btl,83056,Lytt,24016,Broad Liquors (A),1.00,1.00,1.00
Jim Heaney,Lytt Peach Mango 1/24/6.8 oz Btl,83053,Lytt,24014,Bottleneck Liquors,1.00,1.00,1.00
Jim Heaney,Lytt Strawberry Rita 1/24/6.8 oz Btl,83052,Lytt,29011,World of Wine & Liquor,1.00,1.00,1.00
Jim Heaney,Lytt Strawberry Rita 1/24/6.8 oz Btl,83052,Lytt,29013,Lyndhurst Liquors (P),1.00,1.00,1.00
Jim Heaney,Lytt Long Island Iced Tea 1/24/6.8 oz Btl,83054,Lytt,29011,World of Wine & Liquor,1.00,1.00,1.00
Jim Heaney,Lytt Strawberry Rita 1/24/6.8 oz Btl,83052,Lytt,13008,Little Falls Liq(P),1.00,1.00,1.00
Jim Heaney,Lytt Tropical Punch 1/24/6.8 oz Btl,83051,Lytt,13008,Little Falls Liq(P),1.00,1.00,1.00
Jim Heaney,Lytt Peach Mango 1/24/6.8 oz Btl,83053,Lytt,24017,Rainbow Liquor (P),1.00,1.00,1.00
Jim Heaney,Lytt Grape 1/24/6.8 oz Btl,83055,Lytt,28012,Lucky 7 (A),1.00,1.00,1.00
Jim Heaney,Lytt Long Island Iced Tea 1/24/6.8 oz Btl,83054,Lytt,24002,Swizzle Stick Liq (A),1.00,1.00,1.00
Jim Heaney,Lytt Peach Mango 1/24/6.8 oz Btl,83053,Lytt,29003,Liquor Shed,1.00,1.00,1.00
Jim Heaney,Lytt Peach Mango 1/24/6.8 oz Btl,83053,Lytt,24002,Swizzle Stick Liq (A),1.00,1.00,1.00
Jim Heaney,Lytt Strawberry Rita 1/24/6.8 oz Btl,83052,Lytt,25008,Clifton Commons S & W,1.00,1.00,1.00
Jim Heaney,Lytt Peach Mango 1/24/6.8 oz Btl,83053,Lytt,29013,Lyndhurst Liquors (P),1.00,1.00,1.00
Jim Heaney,Lytt Strawberry Rita 1/24/6.8 oz Btl,83052,Lytt,24017,Rainbow Liquor (P),1.00,1.00,1.00
Jim Heaney,Lytt Peach Mango 1/24/6.8 oz Btl,83053,Lytt,25031,Lexington Liquors (Z),1.00,1.00,1.00
Jim Heaney,Lytt Strawberry Rita 1/24/6.8 oz Btl,83052,Lytt,24016,Broad Liquors (A),1.00,1.00,1.00
Klejdi Lamo,Lytt Long Island Iced Tea 1/24/6.8 oz Btl,83054,Lytt,190304,Shoppers Disc Liquor,1.00,1.00,1.00
Klejdi Lamo,Lytt Peach Mango 1/24/6.8 oz Btl,83053,Lytt,191814,Sandy's Wine & Spirit (P) (Budd Lake),1.00,1.00,1.00
Klejdi Lamo,Lytt Peach Mango 1/24/6.8 oz Btl,83053,Lytt,191518,3 IN 1 LIQUORS INC,1.00,1.00,1.00
Klejdi Lamo,Lytt Strawberry Rita 1/24/6.8 oz Btl,83052,Lytt,191814,Sandy's Wine & Spirit (P) (Budd Lake),1.00,1.00,1.00
Klejdi Lamo,Lytt Peach Mango 1/24/6.8 oz Btl,83053,Lytt,190304,Shoppers Disc Liquor,1.00,1.00,1.00
Klejdi Lamo,Lytt Strawberry Rita 1/24/6.8 oz Btl,83052,Lytt,190907,Wharton Liquor Store,1.00,1.00,1.00
Klejdi Lamo,Lytt Long Island Iced Tea 1/24/6.8 oz Btl,83054,Lytt,191814,Sandy's Wine & Spirit (P) (Budd Lake),1.00,1.00,1.00
Klejdi Lamo,Lytt Blue Raspberry 1/24/6.8 oz Btl,83056,Lytt,190302,Basket Of Cheer Ii (Lake Hiawatha),1.00,1.00,1.00
Klejdi Lamo,Lytt Tropical Punch 1/24/6.8 oz Btl,83051,Lytt,190304,Shoppers Disc Liquor,1.00,1.00,1.00
Klejdi Lamo,Lytt Blue Raspberry 1/24/6.8 oz Btl,83056,Lytt,190907,Wharton Liquor Store,1.00,1.00,1.00
Klejdi Lamo,Lytt Blue Raspberry 1/24/6.8 oz Btl,83056,Lytt,191518,3 IN 1 LIQUORS INC,1.00,1.00,1.00
Klejdi Lamo,Lytt Tropical Punch 1/24/6.8 oz Btl,83051,Lytt,191710,Shop Rite Wine & Spirits Stanhope,1.00,1.00,1.00
Klejdi Lamo,Lytt Long Island Iced Tea 1/24/6.8 oz Btl,83054,Lytt,190302,Basket Of Cheer Ii (Lake Hiawatha),1.00,1.00,1.00
Klejdi Lamo,Lytt Blue Raspberry 1/24/6.8 oz Btl,83056,Lytt,191814,Sandy's Wine & Spirit (P) (Budd Lake),1.00,1.00,1.00
Klejdi Lamo,Lytt Tropical Punch 1/24/6.8 oz Btl,83051,Lytt,190302,Basket Of Cheer Ii (Lake Hiawatha),1.00,1.00,1.00
Klejdi Lamo,Lytt Grape 1/24/6.8 oz Btl,83055,Lytt,190302,Basket Of Cheer Ii (Lake Hiawatha),1.00,1.00,1.00
Klejdi Lamo,Lytt Tropical Punch 1/24/6.8 oz Btl,83051,Lytt,191814,Sandy's Wine & Spirit (P) (Budd Lake),1.00,1.00,1.00
Klejdi Lamo,Lytt Grape 1/24/6.8 oz Btl,83055,Lytt,191814,Sandy's Wine & Spirit (P) (Budd Lake),1.00,1.00,1.00
Klejdi Lamo,Lytt Blue Raspberry 1/24/6.8 oz Btl,83056,Lytt,191710,Shop Rite Wine & Spirits Stanhope,1.00,1.00,1.00
Klejdi Lamo,Lytt Peach Mango 1/24/6.8 oz Btl,83053,Lytt,190302,Basket Of Cheer Ii (Lake Hiawatha),1.00,1.00,1.00
Klejdi Lamo,Lytt Blue Raspberry 1/24/6.8 oz Btl,83056,Lytt,190913,Main Street Liquor,1.00,1.00,1.00
Klejdi Lamo,Lytt Strawberry Rita 1/24/6.8 oz Btl,83052,Lytt,191518,3 IN 1 LIQUORS INC,1.00,1.00,1.00
Klejdi Lamo,Lytt Strawberry Rita 1/24/6.8 oz Btl,83052,Lytt,191710,Shop Rite Wine & Spirits Stanhope,1.00,1.00,1.00
Klejdi Lamo,Lytt Strawberry Rita 1/24/6.8 oz Btl,83052,Lytt,190302,Basket Of Cheer Ii (Lake Hiawatha),1.00,1.00,1.00
Klejdi Lamo,Lytt Peach Mango 1/24/6.8 oz Btl,83053,Lytt,190913,Main Street Liquor,1.00,1.00,1.00
Klejdi Lamo,Lytt Peach Mango 1/24/6.8 oz Btl,83053,Lytt,190907,Wharton Liquor Store,1.00,1.00,1.00
Klejdi Lamo,Lytt Strawberry Rita 1/24/6.8 oz Btl,83052,Lytt,190913,Main Street Liquor,1.00,1.00,1.00
Matt Powierski,Lytt Long Island Iced Tea 1/24/6.8 oz Btl,83054,Lytt,36007,Shop Rite Of Wallington,1.00,1.00,1.00
Matt Powierski,Lytt Long Island Iced Tea 1/24/6.8 oz Btl,83054,Lytt,32017,Wine Grand (Carlstadt),1.00,1.00,1.00
Matt Powierski,Lytt Grape 1/24/6.8 oz Btl,83055,Lytt,36007,Shop Rite Of Wallington,1.00,1.00,1.00
Matt Powierski,Lytt Grape 1/24/6.8 oz Btl,83055,Lytt,37002,Garfield Bar & Liq (P),1.00,1.00,1.00
Matt Powierski,Lytt Tropical Punch 1/24/6.8 oz Btl,83051,Lytt,36007,Shop Rite Of Wallington,1.00,1.00,1.00
Matt Powierski,Lytt Long Island Iced Tea 1/24/6.8 oz Btl,83054,Lytt,36016,King Liquors,1.00,1.00,1.00
Matt Powierski,Lytt Tropical Punch 1/24/6.8 oz Btl,83051,Lytt,36006,Wallington Liquor and Wine,1.00,1.00,1.00
Matt Powierski,Lytt Long Island Iced Tea 1/24/6.8 oz Btl,83054,Lytt,31033,Capri Deli&Liq (P),1.00,1.00,1.00
Matt Powierski,Lytt Long Island Iced Tea 1/24/6.8 oz Btl,83054,Lytt,37044,Riverview Liquors & Bar,1.00,1.00,1.00
Matt Powierski,Lytt Grape 1/24/6.8 oz Btl,83055,Lytt,36016,King Liquors,1.00,1.00,1.00
Matt Powierski,Lytt Tropical Punch 1/24/6.8 oz Btl,83051,Lytt,36016,King Liquors,1.00,1.00,1.00
Matt Powierski,Lytt Strawberry Rita 1/24/6.8 oz Btl,83052,Lytt,37044,Riverview Liquors & Bar,1.00,1.00,1.00
Matt Powierski,Lytt Blue Raspberry 1/24/6.8 oz Btl,83056,Lytt,31004,Metro Liquors (East Rutherford),1.00,1.00,1.00
Matt Powierski,Lytt Strawberry Rita 1/24/6.8 oz Btl,83052,Lytt,36006,Wallington Liquor and Wine,1.00,1.00,1.00
Matt Powierski,Lytt Tropical Punch 1/24/6.8 oz Btl,83051,Lytt,31033,Capri Deli&Liq (P),1.00,1.00,1.00
Matt Powierski,Lytt Grape 1/24/6.8 oz Btl,83055,Lytt,37068,Whoopee Liq (A),1.00,1.00,1.00
Matt Powierski,Lytt Strawberry Rita 1/24/6.8 oz Btl,83052,Lytt,31004,Metro Liquors (East Rutherford),1.00,1.00,1.00
Matt Powierski,Lytt Blue Raspberry 1/24/6.8 oz Btl,83056,Lytt,36007,Shop Rite Of Wallington,1.00,1.00,1.00
Matt Powierski,Lytt Tropical Punch 1/24/6.8 oz Btl,83051,Lytt,37068,Whoopee Liq (A),1.00,1.00,1.00
Matt Powierski,Lytt Grape 1/24/6.8 oz Btl,83055,Lytt,32017,Wine Grand (Carlstadt),1.00,1.00,1.00
Matt Powierski,Lytt Peach Mango 1/24/6.8 oz Btl,83053,Lytt,36006,Wallington Liquor and Wine,1.00,1.00,1.00
Matt Powierski,Lytt Blue Raspberry 1/24/6.8 oz Btl,83056,Lytt,37002,Garfield Bar & Liq (P),1.00,1.00,1.00
Matt Powierski,Lytt Long Island Iced Tea 1/24/6.8 oz Btl,83054,Lytt,37002,Garfield Bar & Liq (P),1.00,1.00,1.00
Matt Powierski,Lytt Grape 1/24/6.8 oz Btl,83055,Lytt,31004,Metro Liquors (East Rutherford),1.00,1.00,1.00
Matt Powierski,Lytt Tropical Punch 1/24/6.8 oz Btl,83051,Lytt,37002,Garfield Bar & Liq (P),1.00,1.00,1.00
Matt Powierski,Lytt Strawberry Rita 1/24/6.8 oz Btl,83052,Lytt,37002,Garfield Bar & Liq (P),1.00,1.00,1.00
Matt Powierski,Lytt Strawberry Rita 1/24/6.8 oz Btl,83052,Lytt,32017,Wine Grand (Carlstadt),1.00,1.00,1.00
Matt Powierski,Lytt Peach Mango 1/24/6.8 oz Btl,83053,Lytt,37044,Riverview Liquors & Bar,1.00,1.00,1.00
Matt Powierski,Lytt Strawberry Rita 1/24/6.8 oz Btl,83052,Lytt,36016,King Liquors,1.00,1.00,1.00
Matt Powierski,Lytt Tropical Punch 1/24/6.8 oz Btl,83051,Lytt,31004,Metro Liquors (East Rutherford),1.00,1.00,1.00
Matt Powierski,Lytt Strawberry Rita 1/24/6.8 oz Btl,83052,Lytt,36007,Shop Rite Of Wallington,1.00,1.00,1.00
Matt Powierski,Lytt Blue Raspberry 1/24/6.8 oz Btl,83056,Lytt,42004,Wine And People,1.00,1.00,1.00
Matt Powierski,Lytt Blue Raspberry 1/24/6.8 oz Btl,83056,Lytt,36006,Wallington Liquor and Wine,1.00,1.00,1.00
Matt Powierski,Lytt Blue Raspberry 1/24/6.8 oz Btl,83056,Lytt,37068,Whoopee Liq (A),1.00,1.00,1.00
Matt Powierski,Lytt Long Island Iced Tea 1/24/6.8 oz Btl,83054,Lytt,36006,Wallington Liquor and Wine,1.00,1.00,1.00
Matt Powierski,Lytt Strawberry Rita 1/24/6.8 oz Btl,83052,Lytt,37068,Whoopee Liq (A),1.00,1.00,1.00
Matt Powierski,Lytt Blue Raspberry 1/24/6.8 oz Btl,83056,Lytt,37044,Riverview Liquors & Bar,1.00,1.00,1.00
Matt Powierski,Lytt Grape 1/24/6.8 oz Btl,83055,Lytt,31033,Capri Deli&Liq (P),1.00,1.00,1.00
Matt Powierski,Lytt Peach Mango 1/24/6.8 oz Btl,83053,Lytt,42004,Wine And People,1.00,1.00,1.00
Matt Powierski,Lytt Tropical Punch 1/24/6.8 oz Btl,83051,Lytt,37044,Riverview Liquors & Bar,1.00,1.00,1.00
Matt Powierski,Lytt Tropical Punch 1/24/6.8 oz Btl,83051,Lytt,42004,Wine And People,1.00,1.00,1.00
Matt Powierski,Lytt Peach Mango 1/24/6.8 oz Btl,83053,Lytt,37002,Garfield Bar & Liq (P),1.00,1.00,1.00
Matt Powierski,Lytt Blue Raspberry 1/24/6.8 oz Btl,83056,Lytt,31033,Capri Deli&Liq (P),1.00,1.00,1.00
Matt Powierski,Lytt Tropical Punch 1/24/6.8 oz Btl,83051,Lytt,32017,Wine Grand (Carlstadt),1.00,1.00,1.00
Matt Powierski,Lytt Blue Raspberry 1/24/6.8 oz Btl,83056,Lytt,32017,Wine Grand (Carlstadt),1.00,1.00,1.00
Matt Powierski,Lytt Peach Mango 1/24/6.8 oz Btl,83053,Lytt,31033,Capri Deli&Liq (P),1.00,1.00,1.00
Matt Powierski,Lytt Long Island Iced Tea 1/24/6.8 oz Btl,83054,Lytt,37068,Whoopee Liq (A),1.00,1.00,1.00
Matt Powierski,Lytt Grape 1/24/6.8 oz Btl,83055,Lytt,36006,Wallington Liquor and Wine,1.00,1.00,1.00
Matt Powierski,Lytt Strawberry Rita 1/24/6.8 oz Btl,83052,Lytt,31033,Capri Deli&Liq (P),1.00,1.00,1.00
Matt Powierski,Lytt Peach Mango 1/24/6.8 oz Btl,83053,Lytt,31004,Metro Liquors (East Rutherford),1.00,1.00,1.00
Matt Powierski,Lytt Grape 1/24/6.8 oz Btl,83055,Lytt,42004,Wine And People,1.00,1.00,1.00
Matt Powierski,Lytt Grape 1/24/6.8 oz Btl,83055,Lytt,37044,Riverview Liquors & Bar,1.00,1.00,1.00
Matt Powierski,Lytt Peach Mango 1/24/6.8 oz Btl,83053,Lytt,37068,Whoopee Liq (A),1.00,1.00,1.00
Matt Powierski,Lytt Blue Raspberry 1/24/6.8 oz Btl,83056,Lytt,36016,King Liquors,1.00,1.00,1.00
Matt Powierski,Lytt Peach Mango 1/24/6.8 oz Btl,83053,Lytt,36007,Shop Rite Of Wallington,1.00,1.00,1.00
Matt Powierski,Lytt Strawberry Rita 1/24/6.8 oz Btl,83052,Lytt,42004,Wine And People,1.00,1.00,1.00
Matt Powierski,Lytt Long Island Iced Tea 1/24/6.8 oz Btl,83054,Lytt,42004,Wine And People,1.00,1.00,1.00
Matt Powierski,Lytt Long Island Iced Tea 1/24/6.8 oz Btl,83054,Lytt,31004,Metro Liquors (East Rutherford),1.00,1.00,1.00
Matt Powierski,Lytt Peach Mango 1/24/6.8 oz Btl,83053,Lytt,32017,Wine Grand (Carlstadt),1.00,1.00,1.00
Matt Powierski,Lytt Peach Mango 1/24/6.8 oz Btl,83053,Lytt,36016,King Liquors,1.00,1.00,1.00
Michael Harboy,Lytt Long Island Iced Tea 1/24/6.8 oz Btl,83054,Lytt,12005,Shay's Liquors,1.00,1.00,2.00
Michael Harboy,Lytt Blue Raspberry 1/24/6.8 oz Btl,83056,Lytt,12005,Shay's Liquors,1.00,1.00,2.00
Michael Harboy,Lytt Blue Raspberry 1/24/6.8 oz Btl,83056,Lytt,11014,Wayne Liquor Locker,1.00,1.00,1.00
Michael Harboy,Lytt Strawberry Rita 1/24/6.8 oz Btl,83052,Lytt,11014,Wayne Liquor Locker,1.00,1.00,1.00
Michael Harboy,Lytt Tropical Punch 1/24/6.8 oz Btl,83051,Lytt,11014,Wayne Liquor Locker,1.00,1.00,1.00
Michael Harboy,Lytt Strawberry Rita 1/24/6.8 oz Btl,83052,Lytt,12005,Shay's Liquors,1.00,1.00,2.00
Mike Ast,Lytt Blue Raspberry 1/24/6.8 oz Btl,83056,Lytt,84010,Ridgewood Super Cellar,1.00,1.00,1.00
Mike Ast,Lytt Grape 1/24/6.8 oz Btl,83055,Lytt,19027,Goffle Road Wine and More,1.00,1.00,1.00
Mike Ast,Lytt Grape 1/24/6.8 oz Btl,83055,Lytt,88005,Waldwick Wine/Spirits,1.00,1.00,1.00
Mike Ast,Lytt Tropical Punch 1/24/6.8 oz Btl,83051,Lytt,12011,Bottle King (A) Wayne,1.00,1.00,1.00
Mike Ast,Lytt Strawberry Rita 1/24/6.8 oz Btl,83052,Lytt,19009,Diamond Liquor,1.00,1.00,1.00
Mike Ast,Lytt Tropical Punch 1/24/6.8 oz Btl,83051,Lytt,19008,Hawthorne Liq (A),1.00,1.00,1.00
Mike Ast,Lytt Grape 1/24/6.8 oz Btl,83055,Lytt,19008,Hawthorne Liq (A),1.00,1.00,1.00
Mike Ast,Lytt Peach Mango 1/24/6.8 oz Btl,83053,Lytt,17011,Nico's Wine & Spirits,1.00,1.00,1.00
Mike Ast,Lytt Strawberry Rita 1/24/6.8 oz Btl,83052,Lytt,17011,Nico's Wine & Spirits,1.00,1.00,1.00
Mike Ast,Lytt Peach Mango 1/24/6.8 oz Btl,83053,Lytt,19009,Diamond Liquor,1.00,1.00,1.00
Mike Ast,Lytt Long Island Iced Tea 1/24/6.8 oz Btl,83054,Lytt,19008,Hawthorne Liq (A),1.00,1.00,1.00
Mike Ast,Lytt Blue Raspberry 1/24/6.8 oz Btl,83056,Lytt,19008,Hawthorne Liq (A),1.00,1.00,1.00
Mike Ast,Lytt Blue Raspberry 1/24/6.8 oz Btl,83056,Lytt,17011,Nico's Wine & Spirits,1.00,1.00,1.00
Mike Ast,Lytt Strawberry Rita 1/24/6.8 oz Btl,83052,Lytt,12011,Bottle King (A) Wayne,1.00,1.00,1.00
Mike Ast,Lytt Tropical Punch 1/24/6.8 oz Btl,83051,Lytt,17011,Nico's Wine & Spirits,1.00,1.00,1.00
Mike Ast,Lytt Tropical Punch 1/24/6.8 oz Btl,83051,Lytt,19027,Goffle Road Wine and More,1.00,1.00,1.00
Mike Ast,Lytt Grape 1/24/6.8 oz Btl,83055,Lytt,17011,Nico's Wine & Spirits,1.00,1.00,1.00
Mike Ast,Lytt Blue Raspberry 1/24/6.8 oz Btl,83056,Lytt,84004,Quick Stop Liquor & Wine,1.00,1.00,1.00
Mike Ast,Lytt Blue Raspberry 1/24/6.8 oz Btl,83056,Lytt,19027,Goffle Road Wine and More,1.00,1.00,1.00
Mike Ast,Lytt Blue Raspberry 1/24/6.8 oz Btl,83056,Lytt,12011,Bottle King (A) Wayne,1.00,1.00,1.00
Mike Ast,Lytt Blue Raspberry 1/24/6.8 oz Btl,83056,Lytt,88005,Waldwick Wine/Spirits,1.00,1.00,1.00
Mike Ast,Lytt Peach Mango 1/24/6.8 oz Btl,83053,Lytt,19027,Goffle Road Wine and More,1.00,1.00,1.00
Mike Ast,Lytt Strawberry Rita 1/24/6.8 oz Btl,83052,Lytt,19027,Goffle Road Wine and More,1.00,1.00,1.00
Mike Ast,Lytt Long Island Iced Tea 1/24/6.8 oz Btl,83054,Lytt,19027,Goffle Road Wine and More,1.00,1.00,1.00
Mike Ast,Lytt Blue Raspberry 1/24/6.8 oz Btl,83056,Lytt,19009,Diamond Liquor,1.00,1.00,1.00
Mike Ast,Lytt Long Island Iced Tea 1/24/6.8 oz Btl,83054,Lytt,17011,Nico's Wine & Spirits,1.00,1.00,1.00
Mike Ast,Lytt Blue Raspberry 1/24/6.8 oz Btl,83056,Lytt,81006,Fair Lawn Wine & Spirits,1.00,1.00,1.00
Mike Ast,Lytt Grape 1/24/6.8 oz Btl,83055,Lytt,81006,Fair Lawn Wine & Spirits,1.00,1.00,1.00
Pablo Lopez,Lytt Peach Mango 1/24/6.8 oz Btl,83053,Lytt,27072,Passaic Discount Liquors,1.00,1.00,1.00
Pablo Lopez,Lytt Strawberry Rita 1/24/6.8 oz Btl,83052,Lytt,20068,Florida Drugs (A),1.00,1.00,1.00
Pablo Lopez,Lytt Blue Raspberry 1/24/6.8 oz Btl,83056,Lytt,27066,Sunny's Liqs.(P),1.00,1.00,1.00
Pablo Lopez,Lytt Peach Mango 1/24/6.8 oz Btl,83053,Lytt,27021,Johnny's Liqs (P),1.00,1.00,1.00
Pablo Lopez,Lytt Long Island Iced Tea 1/24/6.8 oz Btl,83054,Lytt,27021,Johnny's Liqs (P),1.00,1.00,1.00
Pablo Lopez,Lytt Peach Mango 1/24/6.8 oz Btl,83053,Lytt,26014,Regalado Liq,1.00,1.00,1.00
Pablo Lopez,Lytt Tropical Punch 1/24/6.8 oz Btl,83051,Lytt,27066,Sunny's Liqs.(P),1.00,1.00,1.00
Pablo Lopez,Lytt Blue Raspberry 1/24/6.8 oz Btl,83056,Lytt,26014,Regalado Liq,1.00,1.00,1.00
Pablo Lopez,Lytt Tropical Punch 1/24/6.8 oz Btl,83051,Lytt,27021,Johnny's Liqs (P),1.00,1.00,1.00
Pablo Lopez,Lytt Strawberry Rita 1/24/6.8 oz Btl,83052,Lytt,26014,Regalado Liq,1.00,1.00,1.00
Pablo Lopez,Lytt Blue Raspberry 1/24/6.8 oz Btl,83056,Lytt,27072,Passaic Discount Liquors,1.00,1.00,1.00
Pablo Lopez,Lytt Peach Mango 1/24/6.8 oz Btl,83053,Lytt,27066,Sunny's Liqs.(P),1.00,1.00,1.00
Pablo Lopez,Lytt Tropical Punch 1/24/6.8 oz Btl,83051,Lytt,27072,Passaic Discount Liquors,1.00,1.00,1.00
Pablo Lopez,Lytt Strawberry Rita 1/24/6.8 oz Btl,83052,Lytt,27066,Sunny's Liqs.(P),1.00,1.00,1.00
Pablo Lopez,Lytt Peach Mango 1/24/6.8 oz Btl,83053,Lytt,20114,Ronny's Liqrs (Z),1.00,1.00,1.00
Phil Ernst,Lytt Peach Mango 1/24/6.8 oz Btl,83053,Lytt,80005,Shop Rite Liq (Paramus),1.00,1.00,1.00
Phil Ernst,Lytt Blue Raspberry 1/24/6.8 oz Btl,83056,Lytt,80005,Shop Rite Liq (Paramus),1.00,1.00,1.00
Phil Ernst,Lytt Long Island Iced Tea 1/24/6.8 oz Btl,83054,Lytt,80005,Shop Rite Liq (Paramus),1.00,1.00,1.00
Phil Ernst,Lytt Peach Mango 1/24/6.8 oz Btl,83053,Lytt,46019,Palisades Wine And Liquor,1.00,1.00,1.00
Phil Ernst,Lytt Tropical Punch 1/24/6.8 oz Btl,83051,Lytt,46019,Palisades Wine And Liquor,1.00,1.00,1.00
Phil Ernst,Lytt Long Island Iced Tea 1/24/6.8 oz Btl,83054,Lytt,38018,THE BOTTLE SHOP,1.00,1.00,1.00
Phil Ernst,Lytt Long Island Iced Tea 1/24/6.8 oz Btl,83054,Lytt,83001,Food Universe Marketplace,1.00,1.00,1.00
Phil Ernst,Lytt Blue Raspberry 1/24/6.8 oz Btl,83056,Lytt,38018,THE BOTTLE SHOP,1.00,1.00,1.00
Phil Ernst,Lytt Strawberry Rita 1/24/6.8 oz Btl,83052,Lytt,47004,Wides Deli & Liquor,1.00,1.00,1.00
Phil Ernst,Lytt Peach Mango 1/24/6.8 oz Btl,83053,Lytt,83001,Food Universe Marketplace,1.00,1.00,1.00
Phil Ernst,Lytt Grape 1/24/6.8 oz Btl,83055,Lytt,38018,THE BOTTLE SHOP,1.00,1.00,1.00
Phil Ernst,Lytt Tropical Punch 1/24/6.8 oz Btl,83051,Lytt,43001,City Supermarket,1.00,1.00,1.00
Phil Ernst,Lytt Strawberry Rita 1/24/6.8 oz Btl,83052,Lytt,83010,Bottle King (A) Glen Rock,1.00,1.00,2.00
Phil Ernst,Lytt Tropical Punch 1/24/6.8 oz Btl,83051,Lytt,80005,Shop Rite Liq (Paramus),1.00,1.00,1.00
Phil Ernst,Lytt Strawberry Rita 1/24/6.8 oz Btl,83052,Lytt,83001,Food Universe Marketplace,1.00,1.00,1.00
Phil Ernst,Lytt Strawberry Rita 1/24/6.8 oz Btl,83052,Lytt,38018,THE BOTTLE SHOP,1.00,1.00,1.00
Phil Ernst,Lytt Tropical Punch 1/24/6.8 oz Btl,83051,Lytt,38018,THE BOTTLE SHOP,1.00,1.00,1.00
Phil Ernst,Lytt Grape 1/24/6.8 oz Btl,83055,Lytt,46019,Palisades Wine And Liquor,1.00,1.00,1.00
Phil Ernst,Lytt Blue Raspberry 1/24/6.8 oz Btl,83056,Lytt,83010,Bottle King (A) Glen Rock,1.00,1.00,2.00
Phil Ernst,Lytt Tropical Punch 1/24/6.8 oz Btl,83051,Lytt,47004,Wides Deli & Liquor,1.00,1.00,1.00
Phil Ernst,Lytt Long Island Iced Tea 1/24/6.8 oz Btl,83054,Lytt,46019,Palisades Wine And Liquor,1.00,1.00,1.00
Phil Ernst,Lytt Blue Raspberry 1/24/6.8 oz Btl,83056,Lytt,43001,City Supermarket,1.00,1.00,1.00
Phil Ernst,Lytt Tropical Punch 1/24/6.8 oz Btl,83051,Lytt,83001,Food Universe Marketplace,1.00,1.00,1.00
Phil Ernst,Lytt Grape 1/24/6.8 oz Btl,83055,Lytt,83001,Food Universe Marketplace,1.00,1.00,1.00
Phil Ernst,Lytt Strawberry Rita 1/24/6.8 oz Btl,83052,Lytt,80005,Shop Rite Liq (Paramus),1.00,1.00,1.00
Phil Ernst,Lytt Blue Raspberry 1/24/6.8 oz Btl,83056,Lytt,46019,Palisades Wine And Liquor,1.00,1.00,1.00
Phil Ernst,Lytt Peach Mango 1/24/6.8 oz Btl,83053,Lytt,43001,City Supermarket,1.00,1.00,1.00
Phil Ernst,Lytt Tropical Punch 1/24/6.8 oz Btl,83051,Lytt,83010,Bottle King (A) Glen Rock,1.00,1.00,2.00
Phil Ernst,Lytt Strawberry Rita 1/24/6.8 oz Btl,83052,Lytt,46019,Palisades Wine And Liquor,1.00,1.00,1.00
Phil Ernst,Lytt Peach Mango 1/24/6.8 oz Btl,83053,Lytt,38018,THE BOTTLE SHOP,1.00,1.00,1.00
Phil Ernst,Lytt Blue Raspberry 1/24/6.8 oz Btl,83056,Lytt,47004,Wides Deli & Liquor,1.00,1.00,1.00
Phil Ernst,Lytt Grape 1/24/6.8 oz Btl,83055,Lytt,80005,Shop Rite Liq (Paramus),1.00,1.00,1.00
Phil Ernst,Lytt Blue Raspberry 1/24/6.8 oz Btl,83056,Lytt,83001,Food Universe Marketplace,1.00,1.00,1.00
Shane Barreca,Lytt Blue Raspberry 1/24/6.8 oz Btl,83056,Lytt,59004,Royal Wine & Spirits II,1.00,1.00,1.00
Shane Barreca,Lytt Peach Mango 1/24/6.8 oz Btl,83053,Lytt,55001,Coasters Liquors,1.00,1.00,1.00
Shane Barreca,Lytt Tropical Punch 1/24/6.8 oz Btl,83051,Lytt,74005,Winemart Discount,1.00,1.00,1.00
Shane Barreca,Lytt Strawberry Rita 1/24/6.8 oz Btl,83052,Lytt,55001,Coasters Liquors,1.00,1.00,1.00
Shane Barreca,Lytt Strawberry Rita 1/24/6.8 oz Btl,83052,Lytt,67005,Shoprite Liq (A)Northvle,1.00,1.00,1.00
Shane Barreca,Lytt Peach Mango 1/24/6.8 oz Btl,83053,Lytt,74005,Winemart Discount,1.00,1.00,1.00
Shane Barreca,Lytt Tropical Punch 1/24/6.8 oz Btl,83051,Lytt,55001,Coasters Liquors,1.00,1.00,1.00
Shane Barreca,Lytt Grape 1/24/6.8 oz Btl,83055,Lytt,67005,Shoprite Liq (A)Northvle,1.00,1.00,1.00
Shane Barreca,Lytt Strawberry Rita 1/24/6.8 oz Btl,83052,Lytt,70003,Montvale Wines & Spirits,1.00,1.00,1.00
Shane Barreca,Lytt Long Island Iced Tea 1/24/6.8 oz Btl,83054,Lytt,55001,Coasters Liquors,1.00,1.00,1.00
Shane Barreca,Lytt Strawberry Rita 1/24/6.8 oz Btl,83052,Lytt,74005,Winemart Discount,1.00,1.00,1.00
Shane Barreca,Lytt Grape 1/24/6.8 oz Btl,83055,Lytt,71003,Brand Bar & Bev (A),1.00,1.00,1.00
Shane Barreca,Lytt Strawberry Rita 1/24/6.8 oz Btl,83052,Lytt,60001,Bottle King (A) Dumont,1.00,1.00,1.00
Shane Barreca,Lytt Long Island Iced Tea 1/24/6.8 oz Btl,83054,Lytt,67005,Shoprite Liq (A)Northvle,1.00,1.00,1.00
Shane Barreca,Lytt Grape 1/24/6.8 oz Btl,83055,Lytt,70003,Montvale Wines & Spirits,1.00,1.00,1.00
Shane Barreca,Lytt Blue Raspberry 1/24/6.8 oz Btl,83056,Lytt,70003,Montvale Wines & Spirits,1.00,1.00,1.00
Shane Barreca,Lytt Tropical Punch 1/24/6.8 oz Btl,83051,Lytt,92011,Bottle King (A) Ramsey,1.00,1.00,1.00
Shane Barreca,Lytt Blue Raspberry 1/24/6.8 oz Btl,83056,Lytt,74005,Winemart Discount,1.00,1.00,1.00
Shane Barreca,Lytt Long Island Iced Tea 1/24/6.8 oz Btl,83054,Lytt,62001,Garden State Deli (A),1.00,1.00,1.00
Shane Barreca,Lytt Strawberry Rita 1/24/6.8 oz Btl,83052,Lytt,92011,Bottle King (A) Ramsey,1.00,1.00,1.00
Shane Barreca,Lytt Strawberry Rita 1/24/6.8 oz Btl,83052,Lytt,59004,Royal Wine & Spirits II,1.00,1.00,1.00
Shane Barreca,Lytt Peach Mango 1/24/6.8 oz Btl,83053,Lytt,71003,Brand Bar & Bev (A),1.00,1.00,1.00
Shane Barreca,Lytt Blue Raspberry 1/24/6.8 oz Btl,83056,Lytt,92011,Bottle King (A) Ramsey,1.00,1.00,1.00
Shane Barreca,Lytt Long Island Iced Tea 1/24/6.8 oz Btl,83054,Lytt,71003,Brand Bar & Bev (A),1.00,1.00,1.00
Shane Barreca,Lytt Grape 1/24/6.8 oz Btl,83055,Lytt,55001,Coasters Liquors,1.00,1.00,1.00
Shane Barreca,Lytt Tropical Punch 1/24/6.8 oz Btl,83051,Lytt,59004,Royal Wine & Spirits II,1.00,1.00,1.00
Shane Barreca,Lytt Grape 1/24/6.8 oz Btl,83055,Lytt,62001,Garden State Deli (A),1.00,1.00,1.00
Shane Barreca,Lytt Tropical Punch 1/24/6.8 oz Btl,83051,Lytt,71003,Brand Bar & Bev (A),1.00,1.00,1.00
Shane Barreca,Lytt Tropical Punch 1/24/6.8 oz Btl,83051,Lytt,62001,Garden State Deli (A),1.00,1.00,1.00
Shane Barreca,Lytt Peach Mango 1/24/6.8 oz Btl,83053,Lytt,70003,Montvale Wines & Spirits,1.00,1.00,1.00
Shane Barreca,Lytt Blue Raspberry 1/24/6.8 oz Btl,83056,Lytt,71003,Brand Bar & Bev (A),1.00,1.00,1.00
Shane Barreca,Lytt Long Island Iced Tea 1/24/6.8 oz Btl,83054,Lytt,74005,Winemart Discount,1.00,1.00,1.00
Shane Barreca,Lytt Grape 1/24/6.8 oz Btl,83055,Lytt,74005,Winemart Discount,1.00,1.00,1.00
Shane Barreca,Lytt Tropical Punch 1/24/6.8 oz Btl,83051,Lytt,70003,Montvale Wines & Spirits,1.00,1.00,1.00
Shane Barreca,Lytt Blue Raspberry 1/24/6.8 oz Btl,83056,Lytt,55001,Coasters Liquors,1.00,1.00,1.00
Shane Barreca,Lytt Peach Mango 1/24/6.8 oz Btl,83053,Lytt,67005,Shoprite Liq (A)Northvle,1.00,1.00,1.00
Shane Barreca,Lytt Peach Mango 1/24/6.8 oz Btl,83053,Lytt,62001,Garden State Deli (A),1.00,1.00,1.00
Shane Barreca,Lytt Blue Raspberry 1/24/6.8 oz Btl,83056,Lytt,92008,Ramsey Wine & Liquor,1.00,1.00,1.00
Shane Barreca,Lytt Strawberry Rita 1/24/6.8 oz Btl,83052,Lytt,62001,Garden State Deli (A),1.00,1.00,1.00
Shane Barreca,Lytt Blue Raspberry 1/24/6.8 oz Btl,83056,Lytt,62001,Garden State Deli (A),1.00,1.00,1.00
Shane Barreca,Lytt Blue Raspberry 1/24/6.8 oz Btl,83056,Lytt,67005,Shoprite Liq (A)Northvle,1.00,1.00,1.00
Shane Barreca,Lytt Tropical Punch 1/24/6.8 oz Btl,83051,Lytt,67005,Shoprite Liq (A)Northvle,1.00,1.00,1.00
Shane Barreca,Lytt Strawberry Rita 1/24/6.8 oz Btl,83052,Lytt,71003,Brand Bar & Bev (A),1.00,1.00,1.00
Shane Barreca,Lytt Tropical Punch 1/24/6.8 oz Btl,83051,Lytt,60001,Bottle King (A) Dumont,1.00,1.00,1.00
Shane Barreca,Lytt Long Island Iced Tea 1/24/6.8 oz Btl,83054,Lytt,70003,Montvale Wines & Spirits,1.00,1.00,1.00
Shane Barreca,Lytt Blue Raspberry 1/24/6.8 oz Btl,83056,Lytt,60001,Bottle King (A) Dumont,1.00,1.00,1.00
