Product Num & Name,Brand,Date,Buyer Count 8/1/2026 - 9/30/2026,Cases 8/1/2026 - 9/30/2026
Total,,,54.00,730.00
622 Keystone Ice 1/12/24 oz Can,Keystone Ice,8/5/2026,7.00,200.00
622 Keystone Ice 1/12/24 oz Can,Keystone Ice,9/1/2026,6.00,13.00
622 Keystone Ice 1/12/24 oz Can,Keystone Ice,8/4/2026,6.00,163.00
622 Keystone Ice 1/12/24 oz Can,Keystone Ice,8/13/2026,5.00,62.00
622 Keystone Ice 1/12/24 oz Can,Keystone Ice,8/28/2026,4.00,14.00
622 Keystone Ice 1/12/24 oz Can,Keystone Ice,8/7/2026,4.00,95.00
622 Keystone Ice 1/12/24 oz Can,Keystone Ice,8/27/2026,3.00,8.00
622 Keystone Ice 1/12/24 oz Can,Keystone Ice,8/25/2026,3.00,12.00
622 Keystone Ice 1/12/24 oz Can,Keystone Ice,8/24/2026,3.00,4.00
622 Keystone Ice 1/12/24 oz Can,Keystone Ice,8/18/2026,3.00,11.00
622 Keystone Ice 1/12/24 oz Can,Keystone Ice,8/10/2026,3.00,20.00
622 Keystone Ice 1/12/24 oz Can,Keystone Ice,8/6/2026,3.00,65.00
622 Keystone Ice 1/12/24 oz Can,Keystone Ice,8/31/2026,2.00,2.00
622 Keystone Ice 1/12/24 oz Can,Keystone Ice,8/21/2026,2.00,10.00
622 Keystone Ice 1/12/24 oz Can,Keystone Ice,8/17/2026,2.00,6.00
622 Keystone Ice 1/12/24 oz Can,Keystone Ice,8/14/2026,2.00,7.00
622 Keystone Ice 1/12/24 oz Can,Keystone Ice,8/26/2026,1.00,3.00
622 Keystone Ice 1/12/24 oz Can,Keystone Ice,8/19/2026,1.00,2.00
622 Keystone Ice 1/12/24 oz Can,Keystone Ice,8/12/2026,1.00,3.00
622 Keystone Ice 1/12/24 oz Can,Keystone Ice,8/11/2026,1.00,30.00
