Sales Rep Assigned,Customer Num,Customer Name,Buyer Count   2026
Alisa Acciardi,24057,Mighty Quinns Bbq,1.00
Allison Scott,13002,The Little Falls Tavern,1.00
Allison Scott,9005,The Legacy Castle,1.00
Allison Scott,12036,Brokedown Palace,1.00
Allison Scott,8014,Macks American Bar/Grill,1.00
Allison Scott,25077,Chevy's Fresh Mex (A)Clif,1.00
Allison Scott,14004,Sushi Lounge,1.00
Allison Scott,25083,Rutt's Hut (A),1.00
Allison Scott,17009,Jimmy Geez (P),1.00
Allison Scott,23020,Clifton City Tavern(P),1.00
Allison Scott,25027,Sportzone B&G (P),1.00
Allison Scott,8004,The Side Door (P),1.00
Allison Scott,1005,Grasshopper Irish Pub (A),1.00
Allison Scott,15036,River Terrace Inn(P),1.00
Allison Scott,15074,Bask 46,1.00
Allison Scott,25009,Spuntino Wine Bar/Italian,1.00
Allison Scott,10001,cherry's,1.00
Allison Scott,14005,The Grand,1.00
Allison Scott,24048,Dante's,1.00
Allison Scott,24056,Jaime's (A),1.00
Allison Scott,12020,Lakeside Drive Tavern,1.00
Allison Scott,12048,Anthonys CF Pizza (Wayne),1.00
Allison Scott,24027,Mario's Rest,1.00
Allison Scott,23013,Vfw 7165 (P),1.00
Allison Scott,24039,Veterans Post (9),1.00
Allison Scott,13018,Chili's Little Falls,1.00
Allison Scott,12008,North Jersey C C,1.00
Allison Scott,13005,Sear,1.00
Allison Scott,12013,Jalapenos Mexican Grill,1.00
Allison Scott,24045,Red Robin Gourmet Burger (Clifton),1.00
Allison Scott,24006,The Grand Saloon,1.00
Allison Scott,17006,The Yard,1.00
Allison Scott,7003,Blu Ale House,1.00
Allison Scott,12014,Olive Garden (A) Wayne,1.00
Allison Scott,12040,NYX,1.00
Allison Scott,12054,Red Lobster 225 Wayne,1.00
Allison Scott,12038,Tommy's Tavern + Tap (Wayne),1.00
Allison Scott,15070,Brownstone House,1.00
Allison Scott,24060,Clifton Billiards (Z),1.00
Allison Scott,10010,Sunset Valley G C (A),1.00
Allison Scott,14002,Applebee's (Totowa) (A),1.00
Allison Scott,12041,Cheesecake Fact (A)Wayne,1.00
Allison Scott,20010,Riverside Grill(D'carbon),1.00
Allison Scott,24054,Upper Montclair Cc (A),1.00
Allison Scott,25082,Crab Island Cajun Seafood & Bar,1.00
Allison Scott,15004,Blackjack Mulligan's Public House,1.00
Allison Scott,12035,Preakness Hills (A) cc,1.00
Allison Scott,12056,PF Changs China Bistro (Wayne),1.00
Allison Scott,24038,J. Alexander's Restaurant,1.00
Allison Scott,13003,Maggie's Town Tav.(P),1.00
Allison Scott,13015,Rare The Steakhouse (Z),1.00
Allison Scott,14016,JINYA Ramen Bar,1.00
Allison Scott,15048,D'carbon Restaurant,1.00
Allison Scott,24029,Dingo's Den (P),1.00
Allison Scott,3007,Kitchen & Beer Bar,1.00
Allison Scott,17001,Underdog Lounge(P),1.00
Allison Scott,21043,Duffy's Tavern (Z),1.00
Allison Scott,19012,Bottagra Rest (P),1.00
Allison Scott,25049,Yesterdays (P),1.00
Allison Scott,14010,Uncorked (P),1.00
Allison Scott,19011,Las Maravillas Restaurant,1.00
Allison Scott,12034,"Dave & Buster's Nj, Inc",1.00
Allison Scott,12064,In The Drink@Passaic Gc,1.00
Allison Scott,14017,The Chariot,1.00
Allison Scott,12032,Casa Don Manuel,1.00
Allison Scott,5004,Outback,1.00
Allison Scott,12022,Grasshopper Too (A),1.00
Allison Scott,19005,Celtic Corner,1.00
Allison Scott,3002,The Celtic Knot,1.00
Allison Scott,24026,Rock Bar,1.00
Allison Scott,19021,The Front Porch (Z),1.00
Allison Scott,12037,Maggies Town Tavern Ii,1.00
Allison Scott,24022,Applebee's Clifton,1.00
Allison Scott,12043,Outback Stkhse(P)Wayne,1.00
Allison Scott,12061,Raeya's,1.00
Allison Scott,8015,Thatcher Mc Ghees (A),1.00
Allison Scott,12051,Packanack Golf (P),1.00
Allison Scott,8006,pompton crafthouse,1.00
Allison Scott,14003,Murph's Bar & Liquor,1.00
Allison Scott,58005,Feathers (A),1.00
Allison Scott,12065,"Buffalo Wild Wings - Wayne, NJ",1.00
Allison Scott,25004,Matthews Italian Rest,1.00
Allison Scott,15067,Naxos Estiatorio,1.00
Allison Scott,24019,Sharky's Wings(P),1.00
Allison Scott,14006,46 Lounge (P),1.00
Allison Scott,15006,Great Notch Inn(Z),1.00
Allison Scott,19016,Jiggle's,1.00
Allison Scott,14008,The Barnyard and Carriage House,1.00
Allison Scott,24025,The Clif (P),1.00
Allison Scott,9002,Tavern 5_2,1.00
Allison Scott,12018,KRIOS Prime,1.00
Allison Scott,23001,Bogey's Sport Bar,1.00
Allison Scott,22004,Neighbors,1.00
Allison Scott,11007,Meadows Golf Club(P),1.00
Allison Scott,12049,Aramark Educational Services@WPU,1.00
Allison Scott,13013,Amer Lgn L Falls (Z),1.00
Allison Scott,24031,Tommy's Tavern & Tap (Clifton),1.00
Allison Scott,24061,Breaker Billiards,1.00
Allison Scott,5003,Applebee's (A)Butler,1.00
Allison Scott,25052,Uno Chicago Grl (A)Clifto,1.00
Allison Scott,5002,100 Proof Bar & Bites,1.00
Allison Scott,7005,Chili's (Riverdale),1.00
Allison Scott,19004,Shortways' Barn (A),1.00
Allison Scott,12015,Izumi Hibachi Steak House,1.00
Allison Scott,25011,Kashan Indian Kitchen & Ber,1.00
Allison Scott,12026,WAYNE ALE HOUSE & PIZZA,1.00
Allison Scott,25056,Emerald Corner (Z),1.00
Allison Scott,25036,Dingbatz (P),1.00
Allison Scott,22016,Johnny A's (P) Hitchn Pos,1.00
Allison Scott,19002,Puzo's Pizza,1.00
Allison Scott,10007,Bardis (P),1.00
Allison Scott,5008,Celtic Crossings,1.00
Allison Scott,12001,T Bowl Tavern (Z),1.00
Allison Scott,11011,Sunset Pub & Grill(Z),1.00
Allison Scott,17003,D'CARBON BAR AND GRILL haledon,1.00
Allison Scott,25078,The Shannon Rose (A),1.00
Anthony Palmisano,1010,Jimmy Geez(North)Bar/Gril,1.00
Anthony Palmisano,231207,Great Gorge Golf (A) Club,1.00
Anthony Palmisano,231304,The Lamp Post Inn,1.00
Anthony Palmisano,191209,Valley Tavern,1.00
Anthony Palmisano,231305,Early American Tavern,1.00
Anthony Palmisano,230906,BBQ Chicken Franklin,1.00
Anthony Palmisano,230930,Brick & Brew,1.00
Anthony Palmisano,231213,The Kites (P),1.00
Anthony Palmisano,1004,The Vreeland Store,1.00
Anthony Palmisano,1014,Chido Mexican Kitchen,1.00
Anthony Palmisano,2004,Sam's Bar and Grill,1.00
Anthony Palmisano,230119,Smokey's Brick Oven Tav.,1.00
Anthony Palmisano,191208,The Grill Room,1.00
Anthony Palmisano,1023,The New Jessies Kettle(P),1.00
Anthony Palmisano,230917,Doc's Place (P),1.00
Anthony Palmisano,231211,Tony's Pizza (P),1.00
Anthony Palmisano,4004,The River Of Beer,1.00
Anthony Palmisano,230925,Springs Bistro Biosphere,1.00
Anthony Palmisano,231214,Mt Creek Kink (So)A,1.00
Anthony Palmisano,4003,Cinco De Mayo (Z),1.00
Anthony Palmisano,190902,Betsy Ross Diner,1.00
Anthony Palmisano,231803,High Point Gc/Rest (P),1.00
Anthony Palmisano,231002,Stew N Dolly's Place,1.00
Anthony Palmisano,1214,Whiskey Wolf Tavern (P),1.00
Anthony Palmisano,231302,Thirsty Farmer,1.00
Anthony Palmisano,4007,Karls Stumble Inn,1.00
Anthony Palmisano,3011,Flip's Bar (P),1.00
Anthony Palmisano,191207,Daily Planet (A),1.00
Anthony Palmisano,1033,D'Boathaus Restaurant,1.00
Anthony Palmisano,231206,Vfw 8441 Vernon,1.00
Anthony Palmisano,231309,The Stuffed Olive_2,1.00
Anthony Palmisano,230915,Crystal Sprs/Wild Turkey,1.00
Anthony Palmisano,6001,Cafe' Chameleon,1.00
Anthony Palmisano,230907,Irish Cottage Inn,1.00
Anthony Palmisano,231210,Bally Owen Golf Club,1.00
Anthony Palmisano,1028,J & S Roadhouse,1.00
Anthony Palmisano,3014,Il Palazzo (Z),1.00
Anthony Palmisano,1035,Old School Pub P),1.00
Anthony Palmisano,231307,Skylands Wine& Beer Garden,1.00
Anthony Palmisano,1002,Country Cottage Rest (P),1.00
Anthony Palmisano,231209,Mt Creek Hex Lg(North) A,1.00
Anthony Palmisano,231001,Atlantic Man Rodozio Stk,1.00
Anthony Palmisano,230903,Black Bear Golf(A),1.00
Anthony Palmisano,230929,Airport Pub & Pkg,1.00
Anthony Palmisano,191103,Whistle Stop (P),1.00
Brian Sengebush,190219,Columbia Inn,1.00
Brian Sengebush,191805,Pavilion Lounge(Z),1.00
Brian Sengebush,190925,Olive Garden Rockaway,1.00
Brian Sengebush,190104,Black Rabbit Saloon LLC,1.00
Brian Sengebush,231711,Riviera Maya,1.00
Brian Sengebush,230304,Mc Q's Pub (P),1.00
Brian Sengebush,191009,Mason Street Grille,1.00
Brian Sengebush,190306,Lena y Carbon VII Parsippany,1.00
Brian Sengebush,230430,Applebee's Grill(A)Newton,1.00
Brian Sengebush,230422,Boomer Bar (P) & Grill,1.00
Brian Sengebush,190601,Thatcher Mcghee's (A),1.00
Brian Sengebush,230111,Rock Island Lake Club,1.00
Brian Sengebush,231715,Gyp's Tavern,1.00
Brian Sengebush,191509,The Beacon,1.00
Brian Sengebush,190905,Rockaway River Barn,1.00
Brian Sengebush,190910,NORTE 175,1.00
Brian Sengebush,191006,Gatwyns II (P),1.00
Brian Sengebush,190923,Knotty Pine Pub (P),1.00
Brian Sengebush,230116,Lake Mohawk Country Club,1.00
Brian Sengebush,190807,The Club (NAFIB4-22-A-0036),1.00
Brian Sengebush,190709,Adams (P),1.00
Brian Sengebush,191704,Stonewood Tavern,1.00
Brian Sengebush,230122,Krogh's Restaurant & Brew Pub,1.00
Brian Sengebush,230402,Bella Italio Rest.(P),1.00
Brian Sengebush,191508,Elks Post 782 (Z),1.00
Brian Sengebush,190803,Germania Park,1.00
Brian Sengebush,190707,The Exchange,1.00
Brian Sengebush,230104,Mohawk House (P),1.00
Brian Sengebush,230307,Newton Country Club,1.00
Brian Sengebush,230426,The Newton Theatre,1.00
Brian Sengebush,190918,Luna Restaurant & Bar,1.00
Brian Sengebush,190815,Sam Adam's Pub (NAFIB4-22-A-0036),1.00
Brian Sengebush,230702,Hyde-Away Rest & Tap Room,1.00
Brian Sengebush,190813,Picatinney Golf(NAFIB4-22-A-0036),1.00
Brian Sengebush,190921,White Owl Tavern,1.00
Brian Sengebush,230424,Moose Lodge 432,1.00
Brian Sengebush,231719,Layton Tavern,1.00
Brian Sengebush,190615,The Second Half On Main,1.00
Brian Sengebush,230312,Skyland Baseball,1.00
Brian Sengebush,191510,Lola's Restaurant,1.00
Brian Sengebush,190217,Nostrana Ristorante,1.00
Brian Sengebush,191618,Polo's Bar And Grill,1.00
Brian Sengebush,191816,Vasa Park,1.00
Brian Sengebush,230421,The Sizzle BBQ Argentinian Steak House,1.00
Brian Sengebush,191609,Ron's Landmark,1.00
Brian Sengebush,191500,Lake Hopatcong Cruises,1.00
Brian Sengebush,191407,Pub 199,1.00
Brian Sengebush,190205,Sharky's West (P),1.00
Brian Sengebush,191507,The Windlass Rest (A),1.00
Brian Sengebush,191706,Freddy's Lake House Bar And Grill,1.00
Brian Sengebush,191722,Jeffrey A Miller Catering,1.00
Brian Sengebush,190102,Lake Valhalla Club (P),1.00
Brian Sengebush,1024,Buffalo Wild Wings (Rockaway),1.00
Brian Sengebush,191008,Jefferson Diner & Tav(P),1.00
Brian Sengebush,190106,Rails Steakhouse (A),1.00
Brian Sengebush,191004,Club 15(P),1.00
Brian Sengebush,190606,Peace Pipe Cc (P),1.00
Brian Sengebush,230120,Village Saloon (P),1.00
Brian Sengebush,230432,Vfw 5360 Newton(P),1.00
Brian Sengebush,191603,Sabor Latino,1.00
Brian Sengebush,191719,American Lgn Stanhope,1.00
Brian Sengebush,190723,Muldoon's Steak & Pub,1.00
Brian Sengebush,231718,Jumboland Diner,1.00
Brian Sengebush,190206,Ombra,1.00
Brian Sengebush,230306,AG Pizza & Restaurant - Newton,1.00
Brian Sengebush,191601,Stoll Street Tavern,1.00
Brian Sengebush,191818,Holiday Inn,1.00
Brian Sengebush,231601,Farmstead Golf (P),1.00
Brian Sengebush,190503,The Station,1.00
Brian Sengebush,231714,Mountain House Tav & Gril,1.00
Brian Sengebush,190903,Taphouse 15,1.00
Brian Sengebush,191405,Pat's Bar (P),1.00
Brian Sengebush,190914,Colossal Restaurant,1.00
Brian Sengebush,230103,St.Moritz Grill & Bar,1.00
Brian Sengebush,191521,Patricks Pub (P),1.00
Brian Sengebush,231710,Lakeside Pub (P),1.00
Brian Sengebush,191504,Jefferson House (A),1.00
Brian Sengebush,230101,"Tomahawk Lake,Inc",1.00
Brian Sengebush,191715,Shakey Jake's (P),1.00
Brian Sengebush,191502,Alice's (Z),1.00
Brian Sengebush,191001,Stone Water,1.00
Brian Sengebush,191808,La Mezcalita,1.00
Brian Sengebush,190724,PF Changs,1.00
Brian Sengebush,191802,E & D Liquors (P),1.00
Brian Sengebush,190312,The Knoll Country Club & Catering,1.00
Brian Sengebush,191007,Charley's Tavern,1.00
Brian Sengebush,190214,Johnnie's Tavern,1.00
Brian Sengebush,230411,Cesco's Pizza (P),1.00
Brian Sengebush,190704,Tavern On The Rocks,1.00
Brian Sengebush,230428,O'reilly Pub (P),1.00
Brian Sengebush,190706,Mill Lane Tavern,1.00
Brian Sengebush,1022,The Cheesecake Factory,1.00
Brian Sengebush,190203,Boonton Lanes,1.00
Brian Sengebush,230123,Sparta Lanes (Pino),1.00
Brian Sengebush,230406,Bearbrook Valley,1.00
Brian Sengebush,231606,The Lafayette House,1.00
Brian Sengebush,231713,Flatbrook Tap House (P),1.00
Brian Sengebush,230407,Fountain House (Z),1.00
Brian Sengebush,230405,Sheridan Lodge (P),1.00
Brian Sengebush,231703,AG Pizza and Restaurant (Branchville),1.00
Brian Sengebush,231806,Walpack Inn,1.00
Brian Sengebush,230109,Skyview Golf Course (A),1.00
Brian Sengebush,191718,Bell's Mansion,1.00
Brian Sengebush,190220,Reservoir Tavern(A),1.00
Brian Sengebush,191505,Mckenna's Pub (P),1.00
Brian Sengebush,190108,Harrigan's Rest. (P),1.00
Brian Sengebush,1017,Millers Ale House Rockawa,1.00
Brian Sengebush,191104,Chapala Grill - Lake Hopatcong,1.00
Chris Payton,47019,Hilton Garden Inn Ridgefield Park,1.00
Chris Payton,81031,Rail Yard Tavern (P),1.00
Chris Payton,35009,Fiesta (A),1.00
Chris Payton,76014,Que Pasta (A),1.00
Chris Payton,80027,Ridgewood Country Club,1.00
Chris Payton,80029,Seoul Galbi,1.00
Chris Payton,80023,Red Lobster Paramus,1.00
Chris Payton,76001,Golden Pub (P),1.00
Chris Payton,80028,El Cid,1.00
Chris Payton,78011,Nanni's (A),1.00
Chris Payton,81017,JJ's Pub,1.00
Chris Payton,47003,Mk Valencia Rest & Lg(P),1.00
Chris Payton,81018,B R C Catering (P),1.00
Chris Payton,76012,Excelsior (Z),1.00
Chris Payton,45005,Colonial Bar,1.00
Chris Payton,80010,Suburban Diner,1.00
Chris Payton,81012,Dutch House,1.00
Chris Payton,80053,Paramus Courtyard,1.00
Chris Payton,47017,Westside Village (A),1.00
Chris Payton,80035,Arcola Country C.,1.00
Chris Politano,31037,Delaware North Met Life Stadium,1.00
Dan Lagala,46030,Elks Post 2475 (Z),1.00
Dan Lagala,49029,Obaltan,1.00
Dan Lagala,44039,Villa Amalfi,1.00
Dan Lagala,49041,WOOGA,1.00
Dan Lagala,49061,Double Tree Hotel Ft Lee,1.00
Dan Lagala,44033,Brass Rail Pub_2,1.00
Dan Lagala,44035,O'Malleys Pub LLC DBA Blackbird Pub,1.00
Dan Lagala,44008,GOGIYA,1.00
Dan Lagala,49048,River Palm (A),1.00
Dan Lagala,44031,Viva La Margarita Cliffside Park,1.00
Dan Lagala,49069,Pho 32,1.00
Dan Lagala,46014,Soosang Hand Pocha,1.00
Dan Lagala,49016,Ipic Theaters,1.00
Dan Lagala,43029,El Tio Taco Ii,1.00
Dan Lagala,44027,354 Steakhouse (A),1.00
Dan Lagala,44028,512 Bar,1.00
Dan Lagala,53001,Brownstone Pancake Factor,1.00
Dan Lagala,53002,Mr Bbq,1.00
Dan Lagala,49012,365 BBQ,1.00
Dan Lagala,53007,Giovanni's Bicycle Club,1.00
Dan Lagala,45015,Tivoli Restaurant,1.00
Dan Lagala,53004,Lefkes Restaurant,1.00
Dan Lagala,49050,Bada Story (Z),1.00
Dan Lagala,49034,In Napoli (A),1.00
Dan Lagala,49076,Raku Izakaya (Z),1.00
Dan Lagala,49083,Courtyard By Marriott Edgewater,1.00
Dan Lagala,53005,Cliffs Steakhouse(A),1.00
Dan Lagala,43019,Cast Iron Pot (A),1.00
Dan Lagala,44017,Frankie's Gastro,1.00
Dan Lagala,49072,JJ Dak,1.00
Dan Lagala,49053,Soho (Z),1.00
Dan Lagala,49057,Gammeeok,1.00
Dan Lagala,49071,Chillers Grill (A),1.00
Dan Lagala,43031,La Fortuna (P),1.00
Dan Lagala,43022,C & C Bar Factory,1.00
Dan Lagala,45018,Duri Pocha,1.00
Dan Lagala,46027,Grand Wine Bar/Karaoke(Z),1.00
Dan Lagala,46010,So Noon Nan Jib,1.00
Dan Lagala,44048,Clubhouse Cafe (P),1.00
Dan Lagala,44025,Rudys (A),1.00
Dan Lagala,44038,Palisadium Club,1.00
Dan Lagala,46017,Mariachi (Roku) (Z),1.00
Dan Lagala,44044,Sonsonate Rest(P),1.00
Dan Lagala,43032,El Caporal Mexican Food,1.00
Dan Lagala,49065,Haven Rest/Bar (A),1.00
Dan Lagala,46006,Rock 21,1.00
Dan Lagala,49024,Ventana's Restaurant,1.00
Dan Lagala,49090,Homewood Suites Edgewater,1.00
Dan Lagala,49074,Dong Bang Grill,1.00
Dan Lagala,44047,Sedona Tap House,1.00
Dan Lagala,49018,Jumong Restaurant,1.00
Dan Lagala,46031,Kang Ho Dong,1.00
Dan Lagala,46029,Hanam Daeji,1.00
Dan Lagala,44012,690 Park,1.00
Dave Ehlers,52013,Lulu Lounge,1.00
Derrick Laws,20127,Brothers A&C Pizza (P),1.00
Derrick Laws,20048,Downtown Cafe (P),1.00
Derrick Laws,15008,Westmount Country Club,1.00
Derrick Laws,15069,Mexico Bar & Grill,1.00
Derrick Laws,20089,Carlitto's Bar(P),1.00
Derrick Laws,21012,Elks Ldge 333 (Z) Pater.,1.00
Derrick Laws,20075,Griselda Rest.(A),1.00
Derrick Laws,27027,Shamrock B&G (P),1.00
Derrick Laws,22053,Rincon Centroamericano,1.00
Derrick Laws,20058,Krystal Bar(P) & Liqs.,1.00
Derrick Laws,20028,Integrity Masonic,1.00
Derrick Laws,20131,El Fogon Rest,1.00
Derrick Laws,20038,Patsy's (A) Tavern,1.00
Jaime Colonna,49001,Don Coqui,1.00
Javier Melo,20104,Roses Bar & Liquors,1.00
Javier Melo,27102,Fragancia Sports Bar,1.00
Javier Melo,27055,Don Lalo Restaurant,1.00
Javier Melo,27001,Fiesta Night Club(P),1.00
Javier Melo,27076,El Asadero Mexican Grill (Passaic),1.00
Javier Melo,22065,Mambo Lounge (P),1.00
Javier Melo,27039,Venus Bar & Restaurant,1.00
Javier Melo,27009,La Rancherita,1.00
Javier Melo,20110,The Cathedral Restaurant,1.00
Javier Melo,24018,Agave Cantina Mexicana,1.00
Javier Melo,27051,Factory 220,1.00
Javier Melo,27146,Foxes Place,1.00
Javier Melo,37066,La Fortaleza (Garfield),1.00
Javier Melo,38046,La Fortaleza (Lodi),1.00
Javier Melo,27108,Los Arcos (P) Rest.,1.00
Javier Melo,26003,La Casona Cafe Restaurant Bar,1.00
Javier Melo,27095,Club Sq (A),1.00
Javier Melo,27144,La Fortaleza (Passaic),1.00
Javier Melo,27018,Cantina Bar,1.00
Javier Melo,27044,Clary's Restaurant & Bar,1.00
Javier Melo,36026,Agave Cocina Mexicana,1.00
Javier Melo,20055,Paruta's (A),1.00
Javier Melo,15085,Reign,1.00
Javier Melo,27077,Mojito Bar,1.00
Javier Melo,24034,La Fortaleza (Clifton),1.00
Javier Melo,21005,La Fuente Bar (A),1.00
Javier Melo,27111,Davids' Place (P),1.00
Javier Melo,27119,El Chever (P),1.00
Javier Melo,27053,Rumba Bar,1.00
Javier Melo,20061,Seguidilla 56 Lounge & Liquors,1.00
Javier Melo,24042,Made in Miami Bar Bistro,1.00
Javier Melo,27085,Cazadores Bar (Z) LLC,1.00
Javier Melo,27094,El Anochecer,1.00
Jim Heaney,30030,Sonoma Bistro,1.00
Klejdi Lamo,190702,Smith's Tavern,1.00
Matt Powierski,37060,Pazza Luna (P),1.00
Matt Powierski,36043,Sports Bar & Liquors,1.00
Matt Powierski,33003,Segovia,1.00
Matt Powierski,33006,Bazzarellis (Z),1.00
Matt Powierski,77017,Hook & Reel,1.00
Matt Powierski,37075,Deja Vu (Z),1.00
Matt Powierski,37047,Dp's Pub & Seafood Grill,1.00
Matt Powierski,37001,Good Fella's (Z) Rest.,1.00
Matt Powierski,33004,Gray Cliff (A),1.00
Matt Powierski,37038,Wisla Center (Z),1.00
Matt Powierski,37026,"Michele (Z) Rest,",1.00
Matt Powierski,37050,Royal Manor,1.00
Matt Powierski,36025,Karol's Pub (A),1.00
Matt Powierski,37040,The Venetian,1.00
Matt Powierski,32009,American Lgn (P) (Carlstadt),1.00
Matt Powierski,77014,Blvd Bar & Grill (Z),1.00
Matt Powierski,77011,Asu Mare Peru Restobar,1.00
Matt Powierski,42017,Cast Iron Pot Signature,1.00
Matt Powierski,36031,Ayla Restaurant & Bar,1.00
Matt Powierski,42014,Segovia Steak House(A),1.00
Michael Harboy,12003,Whole Foods Market (Wayne),1.00
Mike Ast,83009,Jalapeno Mex. Grille(A),1.00
Mike Ast,83005,Glen Rock Inn,1.00
Mike Ast,84022,Park West Tavern,1.00
Mike Ast,87006,Hohokus Inn & Tavern,1.00
Mike Ast,84009,Mac Murphy,1.00
Mike Ast,18002,Cinco De Mayo,1.00
Mike Ast,84006,Roots Ridgewood (A),1.00
Mike Ast,84012,Bareburger (Ridgewood),1.00
Mike Ast,83008,Glen Rock Ac Clb(P),1.00
Mike Ast,95001,Pazza,1.00
Mike Ast,84015,The Office 2131 Ridgewood,1.00
Mike Ast,83011,Stone & Rail,1.00
Mike Ast,84007,Steel Wheel Tavern,1.00
Nick Melissari,92005,Kinchley's,1.00
Nick Melissari,31055,The Game Room,1.00
Nick Melissari,39017,Bj's Rest & Brewhouse(A),1.00
Nick Melissari,89002,Allendale Bar & Grill,1.00
Nick Melissari,31011,Blarney Station,1.00
Nick Melissari,92006,Chili's Ramsey (A),1.00
Nick Melissari,37011,The Firehouse,1.00
Nick Melissari,28031,Shawn's Crazy Saloon,1.00
Nick Melissari,80009,Houlihans (Para)(A),1.00
Nick Melissari,78014,Longhorn Steak Rochele Pk,1.00
Nick Melissari,29028,Angelo's Restaurant,1.00
Nick Melissari,88008,American Lgn (P) (Waldwick),1.00
Nick Melissari,32008,Steve's Bar & Grill (A),1.00
Nick Melissari,41016,Cheesecake Fact (A)Hacken,1.00
Nick Melissari,49040,Healing Karaoke,1.00
Nick Melissari,40025,Pf Changs China Bis(A) (Hackensack),1.00
Nick Melissari,37012,Sportsmens (P) Tavern,1.00
Nick Melissari,88007,Charlie's Place,1.00
Nick Melissari,31048,Song'E Napule,1.00
Nick Melissari,37019,BJ Polonia,1.00
Nick Melissari,32005,Biggies (A),1.00
Nick Melissari,37005,Charlies Tav(Z),1.00
Nick Melissari,94005,Cenzino's (P),1.00
Nick Melissari,49015,PYEONGANDONG,1.00
Nick Melissari,31053,Little Sheep Restaurant/Bar,1.00
Nick Melissari,37004,Tres Agaves,1.00
Nick Melissari,46007,Kumade,1.00
Nick Melissari,34017,Ktb Coffee Shop,1.00
Nick Melissari,92012,The Shannon Rose/Ramsey,1.00
Nick Melissari,93002,Roxanne's A),1.00
Nick Melissari,19006,Blackjack Mulligans (Hawthorne),1.00
Nick Melissari,94010,Portobello Banquets,1.00
Nick Melissari,32010,Segovia Meson,1.00
Nick Melissari,39018,Texas Roadhouse,1.00
Nick Melissari,89001,Savini Rest (A),1.00
Nick Melissari,31056,H Mart Inc (Space A103),1.00
Nick Melissari,41013,Viva Margarita Hackensack,1.00
Nick Melissari,31043,House of Que (East Rutherford),1.00
Nick Melissari,93008,Nonna's Pizza,1.00
Nick Melissari,88006,Andrea's Restaurant,1.00
Nick Melissari,31024,Castle Billiards (Z),1.00
Nick Melissari,94003,Segovia Tavern,1.00
Nick Melissari,29019,Mickey's Bar & Grill (Z),1.00
Nick Melissari,30026,Simulcast,1.00
Nick Melissari,49049,The Metropolitan Lounge,1.00
Nick Melissari,93014,Double Tree By Hilton,1.00
Nick Melissari,49013,Cuba 57,1.00
Nick Melissari,49064,Bareburger (Edgewater),1.00
Nick Melissari,96010,Aldo's Italian Rest(Z),1.00
Nick Melissari,38002,Satin Dolls (A),1.00
Nick Melissari,31052,Mozzarella Bar,1.00
Nick Melissari,41031,Houstons (A)Hackensack,1.00
Nick Melissari,32026,Gianna's (Z),1.00
Nick Melissari,31051,Around The Clock Diner,1.00
Nick Melissari,38039,Hilltop Tav.(Z),1.00
Nick Melissari,80003,The Capital Grille (A),1.00
Nick Melissari,49043,De Novo European Pub,1.00
Nick Melissari,40024,Maggiano's Little(A)Italy,1.00
Nick Melissari,92004,Brothers Smokehouse,1.00
Nick Melissari,92003,Bar Boutique,1.00
Nick Melissari,34002,Heights Bar (P),1.00
Nick Melissari,29021,Uncle Vinnys Bar & Grill,1.00
Nick Melissari,49004,Dino's Bar & Grill,1.00
Nick Melissari,93005,Mason Jar Restaurant,1.00
Nick Melissari,37045,Los Cantaritos Cantina,1.00
Nick Melissari,31020,Chili's B & G E Rutherfor,1.00
Nick Melissari,49022,El asadero Mexican Grill (Fort Lee),1.00
Nick Melissari,30029,Native Union Club,1.00
Nick Melissari,77031,Parkway Lanes,1.00
Nick Melissari,31017,Victory Sports Bar,1.00
Nick Melissari,37063,Jojo's Bar & Grill,1.00
Nick Melissari,49060,Franco's Metro Rest (P),1.00
Nick Melissari,37034,Blackjack Mulligans(P) (Garfield),1.00
Nick Melissari,93007,Rp Prime Restaurant,1.00
Nick Melissari,94004,Hansil's Bar (P),1.00
Nick Melissari,41017,Rosa Mexicano (A),1.00
Nick Melissari,92007,Brady's At(A)The Station,1.00
Nick Melissari,31029,Annabella's House Of Mozz,1.00
Nick Melissari,31047,Jarana,1.00
Nick Melissari,31054,Burger Shack,1.00
Nick Melissari,31042,Residence Inn East Rutherford,1.00
Nick Melissari,41033,Applebee's (A) Hackensack,1.00
Nick Melissari,30012,Elks Post 547 (A),1.00
Nick Melissari,49063,COV,1.00
Nick Melissari,31026,Rockafella's,1.00
Nick Melissari,92013,Varka,1.00
Nick Melissari,94002,Trovato's Due (Z),1.00
Nick Melissari,77003,Blue 42 Restaurant & Bar,1.00
Nick Melissari,41026,Amc- Shops @ Riverside P,1.00
Nick Melissari,35005,Chile,1.00
Nick Melissari,79001,Victor's Maywood Inn,1.00
Nick Melissari,80007,The Orange Lantern,1.00
Nick Melissari,28009,1 Republik,1.00
Nick Melissari,37070,The Hive Bar & Bistro,1.00
Nick Melissari,92014,Ramsey Country Clb,1.00
Nick Melissari,88002,Nellie's Place (P),1.00
Nick Melissari,80057,On The Border Paramus,1.00
Nick Melissari,78016,Outback Stk Hse Roch Pk,1.00
Nick Melissari,32023,Redd's Rest (Z),1.00
Nick Melissari,31013,Elia Restaurant,1.00
Nick Melissari,80042,Olive Garden Paramus,1.00
Nick Melissari,28016,Inka Flames,1.00
Nick Melissari,46028,Legends (P),1.00
Nick Melissari,79010,Ruth's Chris Steakhouse (Maywood),1.00
Nick Melissari,80040,Biagio's,1.00
Nick Melissari,31030,Al-Di-La' (P),1.00
Nick Melissari,30031,Paisano's,1.00
Nick Melissari,93004,Mahwah B & G (A),1.00
Nick Melissari,96005,The Brick House (P),1.00
Nick Melissari,29035,Marty Gra's (A),1.00
Nick Melissari,80012,California Pizza Paramus,1.00
Nick Melissari,29045,Teros Snack Bar,1.00
Nick Melissari,31045,Dream Bar,1.00
Nick Melissari,31006,The Roosevelt,1.00
Nick Melissari,31039,Yard House 8390,1.00
Nick Melissari,28019,Turf and Barrel,1.00
Nick Melissari,31058,Dream 360,1.00
Nick Melissari,80018,Millers Paramus Ale House,1.00
Nick Melissari,80011,Casa De Montecristo,1.00
Nick Melissari,29030,City Lounge (P),1.00
Nick Melissari,31036,Eros Cafe,1.00
Nick Melissari,38020,Lodi Lanes (A),1.00
Nick Melissari,28020,Tejo Bar & Rest,1.00
Nick Melissari,88003,W's Village Grille,1.00
Nick Melissari,49085,Tommy's Tavern + Tap (Edgewater),1.00
Nick Melissari,80054,Chili's Paramus,1.00
Nick Melissari,38025,Rebar (Z),1.00
Nick Melissari,31028,The Union Bar & Provisions,1.00
Nick Melissari,92010,Houlihan's Ramsey,1.00
Nick Melissari,36014,Viva Margarita Wallington,1.00
Nick Melissari,96006,Blue Moon Mexican Cafe,1.00
Nick Melissari,32015,Cjd 2l Corp(Sofive),1.00
Nick Melissari,85003,Arturo's Restaurnt,1.00
Nick Melissari,31049,Marcus Live Bar & Grille,1.00
Nick Melissari,28003,Ktb Coffee Shop & Lounge,1.00
Nick Melissari,31023,Applebee's Garfield (A),1.00
Nick Melissari,80062,Hampton Inn Paramus,1.00
Nick Melissari,49054,Hiram's,1.00
Nick Melissari,94013,Portobello Feasts,1.00
Nick Melissari,78017,El Asadero Mexican Grill (Rochelle Park),1.00
Nick Melissari,29036,Mr.Bruno's,1.00
Nick Melissari,80024,Applebee's Paramus,1.00
Nick Melissari,31061,Tipsy Tie Dye,1.00
Nick Melissari,42003,Whiskey Roads,1.00
Nick Melissari,94012,Holiday Bowl,1.00
Nick Melissari,96007,The Original Barn,1.00
Nick Melissari,49059,Outback Steakhouse(Z)Edg,1.00
Nick Melissari,94009,Oakland Diner,1.00
Nick Melissari,80061,The Green Lounge,1.00
Nick Melissari,28027,Roma Rest. (P),1.00
Nick Melissari,28024,N Arlington Bowl O Drome,1.00
Nick Melissari,92002,Anthony's CF Pizza (A) (Ramsey),1.00
Nick Melissari,80031,Grand Lux Cafe (A),1.00
Nick Melissari,32012,The Local Pub,1.00
Nick Melissari,80013,Bonefish Grill (A) (Paramus),1.00
Nick Melissari,31007,Nizi Japanese,1.00
Nick Melissari,31059,Apres Cafe,1.00
Nick Melissari,31027,New Park Tav (A),1.00
Nick Melissari,78007,Woodstone Pizza B & G,1.00
Nick Melissari,41025,Morton's The Stkhse Hacke,1.00
Nick Melissari,30032,Panebianco Cucina Italiana,1.00
Nick Melissari,49021,Hyatt Place Fort Lee,1.00
Office Tell Sell,21020,Rincon Criollo Restaurant,1.00
Office Tell Sell,43014,Patsy's Bistro,1.00
Office Tell Sell,52038,Grissini's Restaurant,1.00
Office Tell Sell,38035,The Elan (P),1.00
Office Tell Sell,49003,Roberto's Restaurant (P),1.00
Office Tell Sell,77038,Taverna Mykonos,1.00
Office Tell Sell,4008,Lina's Ristorante,1.00
Office Tell Sell,44032,Rustica Bar & Restaurant,1.00
Office Tell Sell,49042,Fire Company 3 Ft Lee,1.00
Office Tell Sell,230110,Homestead Rest,1.00
Office Tell Sell,49009,Ft Lee Athletic Club,1.00
Office Tell Sell,49025,Flemings Stkhse (P),1.00
Office Tell Sell,53006,Cafe Italiano (Z),1.00
Office Tell Sell,42016,Palermo Cafe (A),1.00
Office Tell Sell,15054,Blue Palace (A),1.00
Office Tell Sell,76008,Saddle Brook (A) Diner,1.00
Office Tell Sell,15053,Wrights Tavern(Z),1.00
Office Tell Sell,78018,Columbian Club (Z),1.00
Office Tell Sell,33009,In Thyme,1.00
Office Tell Sell,20103,Moonlight (P) Lounge,1.00
Office Tell Sell,49006,Ga Yeon Restaurant,1.00
Office Tell Sell,22009,Paterson Fire Dept,1.00
Office Tell Sell,31032,Fiesta Hut (Z),1.00
Office Tell Sell,42005,Empire Club (P),1.00
Office Tell Sell,76007,Matsuya,1.00
Office Tell Sell,36035,Hillside (A) S A C,1.00
Office Tell Sell,47007,Luigi's Rest (P),1.00
Pablo Lopez,20046,Circle Cafe (A),1.00
Pablo Lopez,22019,Noches De Colombia (Paterson),1.00
Pablo Lopez,25040,Palenque Bar & Grill(A),1.00
Pablo Lopez,20004,Bocaditos Bistro,1.00
Pablo Lopez,15018,Diana's Bar (Z),1.00
Pablo Lopez,24032,El Dorado Rest (Z),1.00
Pablo Lopez,22001,Lena Y Carbon Restaurant,1.00
Pablo Lopez,25073,Aruba Lounge (P),1.00
Pablo Lopez,39004,Noches De Colombia (S. Hackensack)),1.00
Pablo Lopez,22044,Los Cristales (Z),1.00
Pablo Lopez,27145,LOTUS,1.00
Pablo Lopez,41008,Noches De Colombia (Hackensack),1.00
Pablo Lopez,22021,Super Korona (Z) Bar,1.00
Pablo Lopez,20102,La Fiesta,1.00
Pablo Lopez,20081,Hacienda (P),1.00
Pablo Lopez,20108,5th Avenue (P) Tavern,1.00
Pablo Lopez,25041,Family Association,1.00
Pablo Lopez,27015,Dona Maria Rest,1.00
Pablo Lopez,25087,Sarina Bar,1.00
Pablo Lopez,52005,Noches De Colombia(Englewood)),1.00
Pablo Lopez,27099,Mama Sushi Rest & Lounge,1.00
Pablo Lopez,21022,Costa Marina Lounge(A),1.00
Pablo Lopez,22013,Hi-Beams (P),1.00
Pablo Lopez,25051,Portuguese Tavern Steak House,1.00
Pablo Lopez,22025,Dulce Patria,1.00
Pablo Lopez,22031,Roxxie's (P),1.00
Pablo Lopez,21042,Marcet Cafe,1.00
Pablo Lopez,24063,Noches De Colombia (Clifton),1.00
Pablo Lopez,20090,D'classico (P),1.00
Pablo Lopez,27070,Saritas Mexican Rest(A),1.00
Pablo Lopez,25086,Con Sabor A Peru (A),1.00
Pablo Lopez,15046,Romo Restaurant,1.00
Pablo Lopez,15062,Ragtime Gentlemen's Club,1.00
Pablo Lopez,21038,Freddie's Dugout,1.00
Pablo Lopez,21014,Ranchito Mi Peru,1.00
Pablo Lopez,27050,Grand Rodeo Night Club(Z),1.00
Pablo Lopez,33005,La Havana 59,1.00
Pablo Lopez,27067,Ukranian (Z) Center,1.00
Pablo Lopez,25046,Jay Aldo's (Z) Bar & Pizz,1.00
Pablo Lopez,27073,Noches De Colombia (Passaic),1.00
Pablo Lopez,15045,Bacchus Sport Bar & Grill,1.00
Pablo Lopez,21030,Bonfire Mofongo House (P),1.00
Pablo Lopez,22036,Tease (P),1.00
Pablo Lopez,24030,El Mexicano Rest (P),1.00
Pablo Lopez,25071,Jaimito's Crtside(Z),1.00
Paul Mclaughlin,70005,Montvale Bowl (A),1.00
Paul Mclaughlin,81023,K Of C W Bergen,1.00
Paul Mclaughlin,81003,Fair Lawn Lanes (P),1.00
Paul Mclaughlin,69007,Florentine Garden,1.00
Paul Mclaughlin,50015,PUB 178,1.00
Paul Mclaughlin,52049,Sini Bistro,1.00
Paul Mclaughlin,61004,Andiamo,1.00
Paul Mclaughlin,62003,Stern And Bow,1.00
Paul Mclaughlin,75001,Emerson Hotel,1.00
Paul Mclaughlin,81015,Fair Lawn Athletic Club,1.00
Paul Mclaughlin,61002,Haworth Golf Club(A),1.00
Paul Mclaughlin,41027,Cubby's (P),1.00
Paul Mclaughlin,57012,N Milford Ath Club,1.00
Paul Mclaughlin,81024,Anthony's Coal Fired Pizza (Fair Lawn),1.00
Paul Mclaughlin,61003,White Beeches Golf Club,1.00
Paul Mclaughlin,76009,The Plank Pizza And Bar,1.00
Paul Mclaughlin,50029,La Tequilera Restaurant,1.00
Paul Mclaughlin,62002,Rudy's Pizzeria (P),1.00
Paul Mclaughlin,36015,Wallington Lane (Bowlero),1.00
Paul Mclaughlin,54011,Knickerbocker Golf (P),1.00
Paul Mclaughlin,70008,Hearth & Tap Co.,1.00
Paul Mclaughlin,69005,Let's Meat Steakhouse,1.00
Paul Mclaughlin,52012,CZEN Restaurant,1.00
Paul Mclaughlin,57009,Pancho Burrito's (A),1.00
Paul Mclaughlin,52046,Bergen Performing Arts,1.00
Paul Mclaughlin,52014,El Tango,1.00
Paul Mclaughlin,40026,Brooklyn's (A),1.00
Paul Mclaughlin,67014,The Rockleigh C C (P),1.00
Paul Mclaughlin,60004,La Taberna Steak House,1.00
Paul Mclaughlin,76005,Midland Brewhouse (A),1.00
Paul Mclaughlin,86006,Seasons Catering (A),1.00
Paul Mclaughlin,74010,Osteria Crescendo,1.00
Paul Mclaughlin,71001,Peppercorn's,1.00
Paul Mclaughlin,81019,Oceanos Osyter Bar Grill,1.00
Paul Mclaughlin,52018,Aumm Aumm @The Brownstone,1.00
Paul Mclaughlin,40021,Bowler City Bowling,1.00
Paul Mclaughlin,54001,Tenafly Pizza (Z),1.00
Paul Mclaughlin,41029,Riviera Lounge (P),1.00
Paul Mclaughlin,41002,Mi Tierrita (P),1.00
Paul Mclaughlin,73001,Lou's,1.00
Paul Mclaughlin,56006,Lula's Latin Cuisine,1.00
Paul Mclaughlin,59005,Hackensack Golf (A),1.00
Paul Mclaughlin,40008,Tavern 61 (Z),1.00
Paul Mclaughlin,55005,Cresskill Tavern,1.00
Paul Mclaughlin,52033,Blue Akai,1.00
Paul Mclaughlin,39008,Blush Gentleman's Club,1.00
Paul Mclaughlin,51014,Marriott (A) Teaneck,1.00
Paul Mclaughlin,65005,Dimora Ristorante (P),1.00
Paul Mclaughlin,60012,Grant Street Cafe (A),1.00
Paul Mclaughlin,54012,Axia Taverna,1.00
Paul Mclaughlin,65006,Gerry's Place,1.00
Paul Mclaughlin,62008,Bareburger (Closter),1.00
Paul Mclaughlin,40038,Forte Ristorante,1.00
Paul Mclaughlin,41006,Straphanger Saloon (A),1.00
Paul Mclaughlin,62012,Landmark Closter,1.00
Paul Mclaughlin,81004,Stosh's Craft Bar (Z),1.00
Paul Mclaughlin,86002,Doghouse Saloon (Z),1.00
Paul Mclaughlin,67002,Brady's Fox Hunt Inn,1.00
Paul Mclaughlin,70013,Flemings Prime Steakhouse and Wine Bar,1.00
Paul Mclaughlin,54005,The 130 Club,1.00
Paul Mclaughlin,59006,The Oak House,1.00
Paul Mclaughlin,85001,Eleven Central,1.00
Paul Mclaughlin,81029,Cosmo Club (Z),1.00
Paul Mclaughlin,51005,Zina's Steakhouse & Grill,1.00
Paul Mclaughlin,57004,River & Henley,1.00
Paul Mclaughlin,29051,Medieval Times,1.00
Paul Mclaughlin,67010,Biddy O'malleys Pub (A),1.00
Paul Mclaughlin,68006,Old Tappan Manor (P),1.00
Paul Mclaughlin,73002,The Cornerstone (P),1.00
Paul Mclaughlin,81027,RP Prime Steakhouse,1.00
Paul Mclaughlin,69012,449 Prime @ Edgewood Country Club,1.00
Paul Mclaughlin,74021,Bar Mutz,1.00
Paul Mclaughlin,74012,Iron Horse,1.00
Paul Mclaughlin,52026,Englewood Field Club,1.00
Paul Mclaughlin,71005,Park Steakhouse,1.00
Paul Mclaughlin,41022,Coach House Diner/Rest(Z),1.00
Paul Mclaughlin,40005,Lazy Lanigans (A),1.00
Paul Mclaughlin,52030,Sofia,1.00
Paul Mclaughlin,56004,Jack E Pooh's,1.00
Paul Mclaughlin,86007,Bacari,1.00
Paul Mclaughlin,62007,The Hill,1.00
Paul Mclaughlin,39010,Players Club (Z),1.00
Paul Mclaughlin,71007,103 Prime Time,1.00
Paul Mclaughlin,41020,Lidos Restaurant (P),1.00
Paul Mclaughlin,69003,Edgewood Country Club,1.00
Paul Mclaughlin,62010,LUCIOS,1.00
Paul Mclaughlin,52036,Vida Garden,1.00
Paul Mclaughlin,63002,Alpine C.C. (Z),1.00
Paul Mclaughlin,50006,Cozy Tavern (P),1.00
Paul Mclaughlin,70012,Fire & Oak (A),1.00
Paul Mclaughlin,65003,Verana,1.00
Paul Mclaughlin,69011,Green Point Restaurant,1.00
Paul Mclaughlin,50001,Andy's Corner (Z),1.00
Paul Mclaughlin,72002,Bareburger (Woodcliff Lake),1.00
Paul Mclaughlin,74001,Lolitas Mexican Cantina,1.00
Paul Mclaughlin,41023,The Whiskey Priest (Hackensack),1.00
Paul Mclaughlin,56011,International Bar/Rest,1.00
Paul Mclaughlin,62011,Sear House (A),1.00
Paul Mclaughlin,60014,Pop(xo) Taco,1.00
Paul Mclaughlin,56009,Tommy Fox's Pub Hse(P),1.00
Paul Mclaughlin,50035,Nobo,1.00
Paul Mclaughlin,50008,101 Pub (A),1.00
Paul Mclaughlin,71011,Marriott (P) Park Ridge,1.00
Paul Mclaughlin,74004,P J Finnegan's,1.00
Paul Mclaughlin,41010,Lenoras Bar (P),1.00
Paul Mclaughlin,39007,Club Flamingo (A),1.00
Paul Mclaughlin,67001,Olar Noso,1.00
Paul Mclaughlin,41001,Casual Habana Cafe(Hack),1.00
Paul Mclaughlin,50018,Debonair Music Hall,1.00
Paul Mclaughlin,57011,Casual Habana Cafe (P),1.00
Paul Mclaughlin,52003,Cassies (A),1.00
Paul Mclaughlin,70004,Davey's Locker (A),1.00
Paul Mclaughlin,56016,Chapala Grill - Bergenfield,1.00
Paul Mclaughlin,57007,New Bridge Inn(A),1.00
Paul Mclaughlin,69009,Rivervale Country Club,1.00
Phil Ernst,76021,Saddle Brook Liquor & Bar,1.00
Robin Feldman,54017,Tenafly Classic Diner,1.00
Robin Feldman,77013,William J. Mulligan VFW Post 281,1.00
Robin Feldman,60017,K Of C Dumont,1.00
Robin Feldman,11004,Arca,1.00
Robin Feldman,190608,Cedar Lake Club,1.00
Robin Feldman,17015,Haledon Fire Dept(A),1.00
Robin Feldman,42015,Amer Lgn (Z) Little Ferry,1.00
Robin Feldman,80033,Elks Post 2001 Paramus,1.00
Robin Feldman,58003,River Edge Diner & Rest.,1.00
Robin Feldman,52032,Ideal Lodge 470 (P),1.00
Robin Feldman,191219,Berkshire Valley Gc,1.00
Robin Feldman,18005,Giuseppe (P) Rest.,1.00
Robin Feldman,230303,Crossed Keys Inn,1.00
Robin Feldman,76022,American Lgn (Z) (Saddle Brook),1.00
Robin Feldman,85005,Vol Fire Co Midland Pk.,1.00
Robin Feldman,5012,Butler Fire Department(P),1.00
Robin Feldman,9001,Pompton Queen (P),1.00
Robin Feldman,70009,Montvale Fire Company,1.00
Robin Feldman,18008,Papa Joe's (Z),1.00
Robin Feldman,231314,Elks Lodge 2288,1.00
Robin Feldman,50036,Moose Lodge 961 (Z),1.00
Robin Feldman,67009,American Lgn Northvale,1.00
Robin Feldman,55008,American Lgn (Z) (Cresskill),1.00
Robin Feldman,43033,American Lgn Fairview (A),1.00
Robin Feldman,14013,Elks Post 2111 (A),1.00
Robin Feldman,41011,Bangkok Garden(P) Thai,1.00
Robin Feldman,93013,Elks Post 1941 (Z),1.00
Robin Feldman,231005,Ogdensburg Fire Dept,1.00
Robin Feldman,54014,Elks Post 2271 (Z),1.00
Robin Feldman,2009,Frungillo Caterers,1.00
Robin Feldman,230126,Hudson Farm Club,1.00
Robin Feldman,58008,K Of C River Edge,1.00
Robin Feldman,12012,Cosmopolitan,1.00
Robin Feldman,28025,Arlington Diner (A),1.00
Robin Feldman,230124,Fu's Chinese (P) Rest.,1.00
Robin Feldman,191206,Bella Vista,1.00
Robin Feldman,29055,Vfw Lyndhurst (P),1.00
Robin Feldman,62015,Elks Lodge 2304(Z),1.00
Robin Feldman,24036,Elks Post (Z) #1569,1.00
Robin Feldman,57013,Vfw 4290 New Milford(P),1.00
Robin Feldman,51015,K Of C Teaneck,1.00
Robin Feldman,230429,Chun Bo (P) Restaurant,1.00
Robin Feldman,12024,Park Wayne Diner,1.00
Robin Feldman,1030,Elks Post 2236 (P),1.00
Robin Feldman,60016,Elks Post (Z) Dumont,1.00
Robin Feldman,93001,Stateline Diner (P),1.00
Robin Feldman,73004,Osso Buco,1.00
Robin Feldman,65008,American Lgn Norwood,1.00
Robin Feldman,190919,Amer Lgn Of Wharton 91,1.00
Robin Feldman,192156,Hapgoods Restaurant,1.00
Robin Feldman,29018,Pietro's Trattoria,1.00
Robin Feldman,12042,Exotic Indian Cuisine,1.00
Robin Feldman,66002,Kiku (Z) Restaurant,1.00
Robin Feldman,29039,Lee's Hawaiian (P),1.00
Robin Feldman,77033,Elmwood Pk-Pater Elks #60,1.00
Robin Feldman,77034,American Lgn Elmwood Park,1.00
Robin Feldman,190202,Boonton Elks,1.00
Robin Feldman,191306,Shore Hills Country Club,1.00
Robin Feldman,231802,Candy's Pizza,1.00
Robin Feldman,29052,Polish American Club,1.00
Robin Feldman,230118,Lake Mohawk (P) Golf Club,1.00
Robin Feldman,30017,Renaissance Meadowlands,1.00
Robin Feldman,190716,Lake Telemark Country Clu,1.00
Robin Feldman,8016,Elks Pompton Lakes,1.00
Robin Feldman,190712,White Meadow Lake Cc,1.00
Robin Feldman,191527,Garden State Yacht Club,1.00
Robin Feldman,190210,Matta Donna (Z),1.00
Robin Feldman,29033,Courtyard Marriott(A),1.00
Robin Feldman,79009,American Lgn (Z) (Maywood),1.00
Robin Feldman,52017,Tapas De Espana (P),1.00
Robin Feldman,190605,Hunan Taste (Z),1.00
Robin Feldman,191406,Courtyard Marriott Mt Arl,1.00
Robin Feldman,19025,Riverside Veteran,1.00
Robin Feldman,50032,Vfw 5561 Bogota,1.00
Robin Feldman,15049,Francesco's In The Park,1.00
Robin Feldman,15081,Evolution Restaurant & Bar,1.00
Robin Feldman,6003,Cypress,1.00
Robin Feldman,32031,Spring Hill Suites Carlstadt,1.00
Robin Feldman,42007,Vfw 809 (P),1.00
Robin Feldman,231708,American Lgn Branchville,1.00
Robin Feldman,29047,Elks Post (P),1.00
Robin Feldman,230305,Casa Bellisma (A),1.00
Robin Feldman,190908,4 Seasons Restaurant,1.00
Robin Feldman,29041,Masonic (A) Club,1.00
Robin Feldman,230115,Elks Post 2356,1.00
Robin Feldman,42001,Garden Shabu,1.00
Robin Feldman,51011,American Lgn Teaneck (Z),1.00
Robin Feldman,230417,Hampton (P) Diner,1.00
Robin Feldman,12058,Sports Friends Soccer (A),1.00
Robin Feldman,93016,Sangria Taps/Rest(Z),1.00
Robin Feldman,11012,American Lg 279 Lincoln Park,1.00
Robin Feldman,9007,American Lgn Pompton Plains,1.00
Robin Feldman,12068,Courtyard by Marriott Wayne Fairfield,1.00
Robin Feldman,46022,Te Min Quan (P) Rest.,1.00
Robin Feldman,230433,Stillwater Area Vol Fire,1.00
Robin Feldman,47014,K Of C 2229 (Z),1.00
Robin Feldman,73007,Bensi (P),1.00
Robin Feldman,50038,Hampton Inn & Suites,1.00
Robin Feldman,32020,Il Villaggio Rest,1.00
Robin Feldman,79011,K Of C Maywood,1.00
Robin Feldman,12066,Residence Inn,1.00
Robin Feldman,10002,American Lgn Pequannock 450,1.00
Robin Feldman,37010,Vfw Outwater (Z) Lane,1.00
Robin Feldman,84021,Upper Ridgewood Tennis(A),1.00
Robin Feldman,40040,St Paul Lodge#7,1.00
Robin Feldman,74014,American Lgn (Z) (Westwood),1.00
Robin Feldman,191301,Lake Hopatcong Yacht Club,1.00
Robin Feldman,3012,Tree Tavern (A),1.00
Robin Feldman,5016,Vfw Butler,1.00
Robin Feldman,93018,Courtyard Mahwah,1.00
Robin Feldman,190718,Marcella Community Club,1.00
Robin Feldman,71009,American Lgn Park Ridge,1.00
Robin Feldman,230302,Perona Farms,1.00
Robin Feldman,40035,Chit Chat Diner,1.00
Robin Feldman,1032,Prime 374 - Seafood & Steak,1.00
Robin Feldman,8013,Vfw 2906 Pompt. Lks.(Z),1.00
Robin Feldman,34014,Hasbrouck Heights Elks,1.00
Robin Feldman,28026,Elks Post 1992 (Z),1.00
Robin Feldman,50028,Amarone (P),1.00
Robin Feldman,190714,Green Pond Yacht Club (Z),1.00
Robin Feldman,81032,Hyatt Place Fair Lawn (A),1.00
Robin Feldman,230934,Wallkill Golf Club,1.00
Robin Feldman,191202,Casa Bianca (P),1.00
Robin Feldman,28015,K Of C N Arlington (Z),1.00
Robin Feldman,19014,Macaluso's (P),1.00
Robin Feldman,71015,Park Ridge Vol Fire Dept,1.00
Robin Feldman,76004,Marriot Hotel(A)Saddle Bk,1.00
Robin Feldman,56022,Elks Post 1477,1.00
Robin Feldman,74002,Elks Post 1562,1.00
Robin Feldman,2010,Skyline Lakes Prop Owners,1.00
Robin Feldman,76013,Vfw Of Saddlebrook,1.00
Robin Feldman,17019,La Neves (P),1.00
Robin Feldman,1026,American Legion Post 289 (A) West Milford,1.00
Robin Feldman,80019,Kiku Restaurant,1.00
Robin Feldman,9009,Cedar Crest Village(607),1.00
Robin Feldman,34000,Holiday Inn (Hasbrook Height),1.00
Robin Feldman,31022,Candlewick,1.00
Robin Feldman,92016,K Of C Ramsey,1.00
Robin Feldman,25018,Tick-Tock Diner (A),1.00
Robin Feldman,23015,Disabled Amvets (P),1.00
Robin Feldman,15077,E & V (A) Restaurant,1.00
Robin Feldman,17017,Veterans Club (Z),1.00
Robin Feldman,29054,San Carlo Restaurant,1.00
Robin Feldman,86005,K Of C (Z) Washing. Twsp,1.00
Robin Feldman,74019,K Of C Westwood,1.00
Robin Feldman,12067,Hilton Garden Inn wayne,1.00
Robin Feldman,94011,Elks Post 2167,1.00
Robin Feldman,57015,Elks Post 2290 (Z),1.00
Robin Feldman,190301,American Lgn Lake Hiawath,1.00
Robin Feldman,191403,Davy's Dogs,1.00
Robin Feldman,230910,American Lgn Franklin,1.00
Robin Feldman,42009,Nikki's Bar & Grill,1.00
Robin Feldman,28017,Lassoni Ristorante(P),1.00
Robin Feldman,13007,American Lgn 108 (Z) Little Falls,1.00
Robin Feldman,24043,Valley Regency (A),1.00
Robin Feldman,12006,Novelli (P),1.00
Robin Feldman,29044,American Lgn Lyndhurst #139,1.00
Robin Feldman,34016,Vfw Hasbrouck (A),1.00
Robin Feldman,191203,American Lgn Oak Ridge Post 423,1.00
Robin Feldman,67006,Northvale Diner,1.00
Robin Feldman,94016,Doc Watsons NJ,1.00
Robin Feldman,231306,American Lgn 213 Sussex,1.00
Robin Feldman,23012,Moose Lodge (Z),1.00
Robin Feldman,230404,American Lgn #86 Newton,1.00
Robin Feldman,190710,Hilton Garden Inn Rockaway,1.00
Robin Feldman,41034,Lodi Moose Lodge 1971,1.00
Robin Feldman,230807,North Shore House,1.00
Robin Feldman,52027,American Lgn 58 (A) Englewood,1.00
Robin Feldman,30002,American Lgn 109 (P) Rutherford,1.00
Robin Feldman,95002,Indian Trail Club,1.00
Robin Feldman,12047,American Lgn 174 Wayne,1.00
Robin Feldman,12023,The Village Inn,1.00
Robin Feldman,230108,Vfw 7248 Sparta,1.00
Robin Feldman,190708,American Lgn Rockaway,1.00
Robin Feldman,4011,Bloomingdale Fire Dept,1.00
Robin Feldman,38043,K Of C Lodi,1.00
Robin Feldman,71010,Elks Post 2234,1.00
Robin Feldman,78010,American Lgn Rochelle Pk,1.00
Robin Feldman,28033,Homewood Suites By Hilton,1.00
Robin Feldman,190607,Rockaway River Cc(P),1.00
Robin Feldman,191524,GRIFFIN & HOWE,1.00
Robin Feldman,39015,Rudy's Inflight Caterers,1.00
Robin Feldman,191815,Eastern Asian Bistro/Bar,1.00
Robin Feldman,190613,Rock Ridge Community,1.00
Robin Feldman,5009,K Of C Pequannock Valley,1.00
Robin Feldman,12019,In The Crease (P),1.00
Robin Feldman,40007,Elks Post 153 (Z),1.00
Robin Feldman,190717,Luzzi's (Z),1.00
Robin Feldman,43035,S & A Society (Z),1.00
Robin Feldman,34018,Hilton Hasbrk Hts #50591,1.00
Robin Feldman,34019,Home2 Suites by Hilton,1.00
Robin Feldman,34006,Bensi (P) (Shoprite Plza),1.00
Robin Feldman,12025,Vila Verde (P) Rest.,1.00
Robin Feldman,34008,The Ivy Inn,1.00
Robin Feldman,31009,Vesta Wood Fired Pizza,1.00
Robin Feldman,2005,Arta Trattoria (P),1.00
Robin Feldman,56018,Vfw 6467 (Z),1.00
Robin Feldman,88009,Matthew Colonial Rest(A),1.00
Robin Feldman,66001,Montammy Golf Club (P),1.00
Robin Feldman,6005,Smoke Rise Club (P),1.00
Robin Feldman,15079,American Lgn Totowa,1.00
Robin Feldman,47006,Elks Post 1506,1.00
Robin Feldman,12046,Packanack Lake Comm Asso,1.00
Robin Feldman,18007,The Tides,1.00
